Workbook
Name Hoy: TODAY()
Name Incremento_de_desplazamiento: GANTT_SFCO211!$C$7
Name Inicio_del_proyecto: GANTT_SFCO211!$C$6

Sheet GRAFICO
B1: sem1 | C1: sem2 | D1: sem3 | E1: sem4 | F1: sem5 | G1: sem6 | H1: sem7 | I1: sem8 | J1: sem9 | K1: sem10 | L1: sem11 | M1: sem12 | N1: sem13 | O1: sem14 | P1: sem15 | Q1: sem16 | R1: sem17 | S1: sem18 | T1: sem19 | U1: sem20 | V1: sem21 | W1: sem22 | X1: sem23 | Y1: sem24 | Z1: sem25 | AA1: sem26 | AB1: sem27
A2: Trazado | G2: {=TRANSPOSE(D43:V43)} -> 0.62078232 | H2: {=TRANSPOSE(D42:V42)} -> 0.67184234 | I2: {=TRANSPOSE(D41:V41)} -> 0.74440131 | J2: {=TRANSPOSE(D40:V40)} -> 0.79008659 | K2: {=TRANSPOSE(D39:V39)} -> 0.84393937 | L2: {=TRANSPOSE(D38:V38)} -> 0.89245253 | M2: {=TRANSPOSE(D37:V37)} -> 0.94087787 | N2: {=TRANSPOSE(D36:V36)} -> 0.95700209 | O2: {=TRANSPOSE(D35:V35)} -> 0.95700209 | P2: {=TRANSPOSE(D34:V34)} -> 1 | Q2: {=TRANSPOSE(D33:V33)} -> 1 | R2: {=TRANSPOSE(D32:V32)} -> 1 | S2: {=TRANSPOSE(D31:V31)} -> 1 | T2: {=TRANSPOSE(D30:V30)} -> 1 | U2: {=TRANSPOSE(D29:V29)} -> 1 | V2: {=TRANSPOSE(D28:V28)} -> 1 | W2: {=TRANSPOSE(D27:V27)} -> 1 | X2: {=TRANSPOSE(D26:V26)} -> 1 | Y2: 1 | Z2: 1 | AA2: 1 | AB2: 1
A3: Yeso Cielo | G3: 0.81964766 | H3: 0.81964766 | I3: 0.91400418 | J3: 0.91400418 | K3: 0.91400418 | L3: 0.91400418 | M3: 0.91400418 | N3: 1 | O3: 1 | P3: 1 | Q3: 1 | R3: 1 | S3: 1 | T3: 1 | U3: 1 | V3: 1 | W3: 1 | X3: 1 | Y3: {=TRANSPOSE(E25:W25)} -> 1 | Z3: 1 | AA3: 1 | AB3: 1
A4: Yeso Muro | G4: 0.67506718 | H4: 0.73096447 | I4: 0.77503732 | J4: 0.85255651 | K4: 0.9198356 | L4: 0.97957599 | M4: 1 | N4: 1 | O4: 1 | P4: 1 | Q4: 1 | R4: 1 | S4: 1 | T4: 1 | U4: 1 | V4: 1 | W4: 1 | X4: 1 | Y4: 1 | Z4: 1 | AA4: 1 | AB4: 1
A5: Tabique 1° Cara | G5: 0.58584652 | H5: 0.6438937 | I5: 0.72558973 | J5: 0.73096447 | K5: 0.80997313 | L5: 0.81696029 | M5: 0.92206629 | N5: 0.94195282 | O5: 0.97312631 | P5: 1 | Q5: 1 | R5: 1 | S5: 1 | T5: 1 | U5: 1 | V5: 1 | W5: 1 | X5: 1 | Y5: 1 | Z5: 1 | AA5: 1 | AB5: 1
A6: I. Sanitaria | G6: 0.69871603 | H6: 0.75515079 | I6: 0.75515079 | J6: 0.82240528 | K6: 0.81970913 | L6: 0.8681696 | M6: 0.8681696 | N6: 0.8681696 | O6: 0.89778336 | P6: 0.96288444 | Q6: 0.97363392 | R6: 0.97470887 | S6: 0.98708658 | T6: 0.99140042 | U6: 0.99140042 | V6: 0.99140042 | W6: 0.99516274 | X6: 1 | Y6: 1 | Z6: 1 | AA6: 1 | AB6: 1
A7: I. Eléctrica | G7: 0.50630039 | H7: 0.52994924 | I7: 0.56918483 | J7: 0.59337116 | K7: 0.63260675 | L7: 0.66754255 | M7: 0.70677814 | N7: 0.72182741 | O7: 0.81430805 | P7: 0.89408427 | Q7: 0.93224492 | R7: 0.96828904 | S7: 0.98333831 | T7: 0.99086294 | U7: 0.99140042 | V7: 0.99140042 | W7: 0.99140042 | X7: 0.99838758 | Y7: 1 | Z7: 1 | AA7: 1 | AB7: 1
A8: Extracción | G8: 0.54446103 | H8: 0.586384 | I8: 0.62561959 | J8: 0.66754255 | K8: 0.68527919 | L8: 0.68742908 | M8: 0.73795163 | N8: 0.74305763 | O8: 0.74305763 | P8: 0.83938665 | Q8: 0.86332531 | R8: 0.91231096 | S8: 0.94947746 | T8: 0.97850105 | U8: 0.99570021 | V8: 0.99570021 | W8: 1 | X8: 1 | Y8: 1 | Z8: 1 | AA8: 1 | AB8: 1
A9: Tabique 2° Cara | G9: 0.45685279 | H9: 0.52188713 | I9: 0.5471484 | J9: 0.54822335 | K9: 0.6336817 | L9: 0.6336817 | M9: 0.63959391 | N9: 0.69925351 | O9: 0.8083607 | P9: 0.90052342 | Q9: 0.91346495 | R9: 0.91400418 | S9: 0.99892505 | T9: 0.99946253 | U9: 1 | V9: 1 | W9: 1 | X9: 1 | Y9: 1 | Z9: 1 | AA9: 1 | AB9: 1
A10: Puertas | G10: 0.26443715 | H10: 0.2951269 | I10: 0.35303971 | J10: 0.43057032 | K10: 0.47055838 | L10: 0.54365482 | M10: 0.58880263 | N10: 0.64322186 | O10: 0.67856076 | P10: 0.75246342 | Q10: 0.80878445 | R10: 0.83585662 | S10: 0.87016274 | T10: 0.87703792 | U10: 0.92433562 | V10: 0.92433562 | W10: 0.952553 | X10: 0.95443416 | Y10: 0.95443416 | Z10: 0.95443416 | AA10: 0.95443416 | AB10: 0.95443416
A11: Cerámicos | G11: 0.25026575 | H11: 0.29989251 | I11: 0.33509704 | J11: 0.36161242 | K11: 0.36996118 | L11: 0.4265751 | M11: 0.48202448 | N11: 0.53684682 | O11: 0.56067483 | P11: 0.64935802 | Q11: 0.66843834 | R11: 0.70597193 | S11: 0.7231711 | T11: 0.7839156 | U11: 0.79001692 | V11: 0.81976446 | W11: 0.86691784 | X11: 0.88147208 | Y11: 0.89365482 | Z11: 0.91157062 | AA11: 0.939788 | AB11: 0.9393401
A12: Piso Vinilico | G12: 0.13073229 | H12: 0.16206483 | I12: 0.23013205 | J12: 0.29387755 | K12: 0.31008403 | L12: 0.31818727 | M12: 0.36734694 | N12: 0.45918367 | O12: 0.43487395 | P12: 0.48781513 | Q12: 0.54129652 | R12: 0.55102041 | S12: 0.58883553 | T12: 0.6494898 | U12: 0.6933413 | V12: 0.6933413 | W12: 0.6933413 | X12: 0.83150194 | Y12: 0.88191998 | Z12: 0.88191998 | AA12: 0.91963273 | AB12: 0.97499254
A13: Ventanas | G13: 0.31522843 | H13: 0.43857868 | I13: 0.43857868 | J13: 0.43857868 | K13: 0.53451777 | L13: 0.61218274 | M13: 0.60304569 | N13: 0.5893401 | O13: 0.63051657 | P13: 0.70316512 | Q13: 0.75583756 | R13: 0.80158256 | S13: 0.81528815 | T13: 0.87011048 | U13: 0.90504628 | V13: 0.93063601 | W13: 0.93923559 | X13: 0.95241863 | Y13: 0.95241863 | Z13: 0.95241863 | AA13: 0.95241863 | AB13: 0.95241863
A14: Baranda Cristal | G14: 0.026873694 | H14: 0.026873694 | I14: 0.026873694 | J14: 0.026873694 | K14: 0.026873694 | L14: 0.026873694 | M14: 0.026873694 | N14: 0.026873694 | O14: 0.026873694 | P14: 0.026873694 | Q14: 0.026873694 | R14: 0.026873694 | S14: 0.026873694 | T14: 0.04998507 | U14: 0.04998507 | V14: 0.080621081 | W14: 0.16071171 | X14: 0.22762721 | Y14: 0.37167021 | Z14: 0.59230323 | AA14: 0.68559271 | AB14: 0.92093162
A15: Pasta | G15: 0.44368468 | H15: 0.46357122 | I15: 0.60761421 | J15: 0.72654524 | K15: 0.81343685 | L15: 0.81343685 | M15: 0.8225739 | N15: 0.83171096 | O15: 0.83171096 | P15: 0.82553001 | Q15: 0.82714243 | R15: 0.83009854 | S15: 0.83009854 | T15: 0.83171096 | U15: 0.83171096 | V15: 0.84541654 | W15: 0.86825918 | X15: 0.86825918 | Y15: 0.86825918 | Z15: 0.86825918 | AA15: 0.86825918 | AB15: 0.92845626
... A20: Retropintado | G20: 0.012899373 | H20: 0.012899373 | I20: 0.012899373 | J20: 0.012899373 | K20: 0.012899373 | L20: 0.049447596 | M20: 0.056434757 | N20: 0.23917587 | O20: 0.26766199 | P20: 0.24025082 | Q20: 0.27303673 | R20: 0.24938788 | S20: 0.32355927 | T20: 0.32355927 | U20: 0.35553897 | V20: 0.42863541 | W20: 0.43320394 | X20: 0.43320394 | Y20: 0.47888922 | Z20: 0.61137653 | AA20: 0.61137653 | AB20: 0.62965064
Y21: 0
C22: 27 | D22: 1 | E22: 1 | F22: 1 | G22: 1 | H22: 1 | I22: 1 | J22: 1 | K22: 1 | L22: 0.95443416 | M22: 0.9393401 | N22: 0.97499254 | O22: 0.95241863 | P22: 0.92093162 | Q22: 0.92845626 | R22: 0.62886024 | S22: 0.86173953 | T22: 0.74923858 | U22: 1 | V22: 0.62965064
C23: 26 | D23: 1 | E23: 1 | F23: 1 | G23: 1 | H23: 1 | I23: 1 | J23: 1 | K23: 1 | L23: 0.95443416 | M23: 0.939788 | N23: 0.91963273 | O23: 0.95241863 | P23: 0.68559271 | Q23: 0.86825918 | R23: 0.60869663 | S23: 0.82062307 | T23: 0.72182741 | U23: 0.82233503 | V23: 0.61137653
C24: 25 | D24: 1 | E24: 1 | F24: 1 | G24: 1 | H24: 1 | I24: 1 | J24: 1 | K24: 1 | L24: 0.95443416 | M24: 0.91157062 | N24: 0.88191998 | O24: 0.95241863 | P24: 0.59230323 | Q24: 0.86825918 | R24: 0.60574052 | S24: 0.78541853 | T24: 0.67614213 | U24: 0.82233503 | V24: 0.61137653
C25: 24 | D25: 1 | E25: 1 | F25: 1 | G25: 1 | H25: 1 | I25: 1 | J25: 1 | K25: 1 | L25: 0.95443416 | M25: 0.89365482 | N25: 0.88191998 | O25: 0.95241863 | P25: 0.37167021 | Q25: 0.86825918 | R25: 0.60574052 | S25: 0.75684284 | T25: 0.65141833 | U25: 0.73096447 | V25: 0.47888922
C26: 23 | D26: 1 | E26: 1 | F26: 1 | G26: 1 | H26: 1 | I26: 0.99838758 | J26: 1 | K26: 1 | L26: 0.95443416 | M26: 0.88147208 | N26: 0.83150194 | O26: 0.95241863 | P26: 0.22762721 | Q26: 0.86825918 | R26: 0.60352344 | S26: 0.65661391 | T26: 0.55171693 | U26: 0.73096447 | V26: 0.43320394
C27: 22 | D27: 1 | E27: 1 | F27: 1 | G27: 1 | H27: 0.99516274 | I27: 0.99140042 | J27: 1 | K27: 1 | L27: 0.952553 | M27: 0.86691784 | N27: 0.6933413 | O27: 0.93923559 | P27: 0.16071171 | Q27: 0.86825918 | R27: 0.59835025 | S27: 0.62400717 | T27: 0.54311735 | U27: 0.64873096 | V27: 0.43320394
A28: Valores | C28: 21 | D28: 1 | E28: 1 | F28: 1 | G28: 1 | H28: 0.99140042 | I28: 0.99140042 | J28: 0.99570021 | K28: 1 | L28: 0.92433562 | M28: 0.81976446 | N28: 0.6933413 | O28: 0.93063601 | P28: 0.080621081 | Q28: 0.84541654 | R28: 0.5633398 | S28: 0.61289937 | T28: 0.50764407 | U28: 0.63959391 | V28: 0.42863541
A29: Promedio de Trazado | B29: #REF! | C29: 20 | D29: 1 | E29: 1 | F29: 1 | G29: 1 | H29: 0.99140042 | I29: 0.99140042 | J29: 0.99570021 | K29: 1 | L29: 0.92433562 | M29: 0.79001692 | N29: 0.6933413 | O29: 0.90504628 | P29: 0.04998507 | Q29: 0.83171096 | R29: 0.54372201 | S29: 0.58181547 | T29: 0.45228426 | U29: 0.57563452 | V29: 0.35553897
A30: Suma de Yeso Cielo | B30: #REF! | C30: 19 | D30: 1 | E30: 1 | F30: 1 | G30: 1 | H30: 0.99140042 | I30: 0.99086294 | J30: 0.97850105 | K30: 0.99946253 | L30: 0.87703792 | M30: 0.7839156 | N30: 0.6494898 | O30: 0.87011048 | P30: 0.04998507 | Q30: 0.83171096 | R30: 0.51268289 | S30: 0.56192893 | T30: 0.43320394 | U30: 0.54822335 | V30: 0.32355927
A31: Suma de Yeso Muro | B31: #REF! | C31: 18 | D31: 1 | E31: 1 | F31: 1 | G31: 1 | H31: 0.98708658 | I31: 0.98333831 | J31: 0.94947746 | K31: 0.99892505 | L31: 0.87016274 | M31: 0.7231711 | N31: 0.58883553 | O31: 0.81528815 | P31: 0.026873694 | Q31: 0.83009854 | R31: 0.42137952 | S31: 0.49080322 | T31: 0.37085697 | U31: 0.45685279 | V31: 0.32355927
A32: Suma de Tabique 1° Cara | B32: #REF! | C32: 17 | D32: 1 | E32: 1 | F32: 1 | G32: 1 | H32: 0.97470887 | I32: 0.96828904 | J32: 0.91231096 | K32: 0.91400418 | L32: 0.83585662 | M32: 0.70597193 | N32: 0.55102041 | O32: 0.80158256 | P32: 0.026873694 | Q32: 0.83009854 | R32: 0.39584951 | S32: 0.46930427 | T32: 0.34720812 | U32: 0.45685279 | V32: 0.24938788
A33: Suma de I. Sanitaria | B33: #REF! | C33: 16 | D33: 1 | E33: 1 | F33: 1 | G33: 1 | H33: 0.97363392 | I33: 0.93224492 | J33: 0.86332531 | K33: 0.91346495 | L33: 0.80878445 | M33: 0.66843834 | N33: 0.54129652 | O33: 0.75583756 | P33: 0.026873694 | Q33: 0.82714243 | R33: 0.35822634 | S33: 0.43660794 | T33: 0.34720812 | U33: 0.45577784 | V33: 0.27303673
A34: Suma de I. Eléctrica | B34: #REF! | C34: 15 | D34: 1 | E34: 1 | F34: 1 | G34: 1 | H34: 0.96288444 | I34: 0.89408427 | J34: 0.83938665 | K34: 0.90052342 | L34: 0.75246342 | M34: 0.64935802 | N34: 0.48781513 | O34: 0.70316512 | P34: 0.026873694 | Q34: 0.82553001 | R34: 0.35822634 | S34: 0.41725888 | T34: 0.34720812 | U34: 0.43857868 | V34: 0.24025082
A35: Suma de Extracción | B35: #REF! | C35: 14 | D35: 0.95700209 | E35: 1 | F35: 1 | G35: 0.97312631 | H35: 0.89778336 | I35: 0.81430805 | J35: 0.74305763 | K35: 0.8083607 | L35: 0.67856076 | M35: 0.56067483 | N35: 0.43487395 | O35: 0.63051657 | P35: 0.026873694 | Q35: 0.83171096 | R35: 0.32664975 | S35: 0.33744401 | T35: 0.28217378 | U35: 0.36091371 | V35: 0.26766199
A36: Suma de Tabique 2° Cara | B36: #REF! | C36: 13 | D36: 0.95700209 | E36: 1 | F36: 1 | G36: 0.94195282 | H36: 0.8681696 | I36: 0.72182741 | J36: 0.74305763 | K36: 0.69925351 | L36: 0.64322186 | M36: 0.53684682 | N36: 0.45918367 | O36: 0.5893401 | P36: 0.026873694 | Q36: 0.83171096 | R36: 0.3183189 | S36: 0.32741117 | T36: 0.25959988 | U36: 0.36091371 | V36: 0.23917587 | W36: 0.60653158
A37: Suma de Puertas | B37: #REF! | C37: 12 | D37: 0.94087787 | E37: 0.91400418 | F37: 1 | G37: 0.92206629 | H37: 0.8681696 | I37: 0.70677814 | J37: 0.73795163 | K37: 0.63959391 | L37: 0.58880263 | M37: 0.48202448 | N37: 0.36734694 | O37: 0.60304569 | P37: 0.026873694 | Q37: 0.8225739 | R37: 0.3055539 | S37: 0.30304569 | T37: 0.18650343 | U37: 0.27411168 | V37: 0.056434757
A38: Suma de Cerámicos | B38: #REF! | C38: 11 | D38: 0.89245253 | E38: 0.91400418 | F38: 0.97957599 | G38: 0.81696029 | H38: 0.8681696 | I38: 0.66754255 | J38: 0.68742908 | K38: 0.6336817 | L38: 0.54365482 | M38: 0.4265751 | N38: 0.31818727 | O38: 0.61218274 | P38: 0.026873694 | Q38: 0.81343685 | R38: 0.29386384 | S38: 0.27411168 | T38: 0.16822932 | U38: 0.27411168 | V38: 0.049447596
A39: Suma de Piso Vinilico | B39: #REF! | C39: 10 | D39: 0.84393937 | E39: 0.91400418 | F39: 0.9198356 | G39: 0.80997313 | H39: 0.81970913 | I39: 0.63260675 | J39: 0.68527919 | K39: 0.6336817 | L39: 0.47055838 | M39: 0.36996118 | N39: 0.31008403 | O39: 0.53451777 | P39: 0.026873694 | Q39: 0.81343685 | R39: 0.26537772 | S39: 0.24105703 | T39: 0.12093162 | U39: 0.27411168 | V39: 0.012899373
A40: Suma de Ventanas | B40: #REF! | C40: 9 | D40: 0.79008659 | E40: 0.91400418 | F40: 0.85255651 | G40: 0.73096447 | H40: 0.82240528 | I40: 0.59337116 | J40: 0.66754255 | K40: 0.54822335 | L40: 0.43057032 | M40: 0.36161242 | N40: 0.29387755 | O40: 0.43857868 | P40: 0.026873694 | Q40: 0.72654524 | R40: 0.26403404 | S40: 0.21928934 | T40: 0.10158256 | U40: 0.21015228 | V40: 0.012899373
A41: Suma de Baranda Cristal | B41: #REF! | C41: 8 | D41: 0.74440131 | E41: 0.91400418 | F41: 0.77503732 | G41: 0.72558973 | H41: 0.75515079 | I41: 0.56918483 | J41: 0.62561959 | K41: 0.5471484 | L41: 0.35303971 | M41: 0.33509704 | N41: 0.23013205 | O41: 0.43857868 | P41: 0.026873694 | Q41: 0.60761421 | R41: 0.19409525 | S41: 0.15837563 | T41: 0.062346969 | U41: 0.091370558 | V41: 0.012899373
A42: Suma de Pasta | B42: #REF! | C42: 7 | D42: 0.67184234 | E42: 0.81964766 | F42: 0.73096447 | G42: 0.6438937 | H42: 0.75515079 | I42: 0.52994924 | J42: 0.586384 | K42: 0.52188713 | L42: 0.2951269 | M42: 0.29989251 | N42: 0.16206483 | O42: 0.43857868 | P42: 0.026873694 | Q42: 0.46357122 | R42: 0.15203792 | S42: 0.13266647 | T42: 0.020424007 | U42: 0.021498955 | V42: 0.012899373
A43: Suma de Muebles C/B | B43: #REF! | C43: 6 | D43: 0.62078232 | E43: 0.81964766 | F43: 0.67506718 | G43: 0.58584652 | H43: 0.69871603 | I43: 0.50630039 | J43: 0.54446103 | K43: 0.45685279 | L43: 0.26443715 | M43: 0.25026575 | N43: 0.13073229 | O43: 0.31522843 | P43: 0.026873694 | Q43: 0.44368468 | R43: 0.138937 | S43: 0.079725291 | T43: 0.020424007 | U43: 0.021498955 | V43: 0.012899373
A44: Suma de Muebles Closet | B44: #REF! | C44: 5
A45: Suma de Cubiertas | B45: #REF! | C45: 4
A46: Suma de Retropintado | B46: #REF! | C46: 3
C47: 2
C48: 1

Sheet DINAMICA
A4: Etiquetas de fila | B4: Máx. de PISO 1 | C4: Máx. de PISO 2 | D4: Máx. de PISO 3 | E4: Máx. de PISO 4 | F4: Máx. de PISO 5 | G4: Máx. de PISO 6 | H4: Máx. de PISO 7 | I4: Máx. de PISO 8 | J4: Máx. de PISO 9
A5: FASE 1 | B5: 0.240625 | C5: 0.11697674 | D5: 0.0090909091 | E5: 0 | F5: 0 | G5: 0 | H5: 0 | I5: 0 | J5: 0
A6: Total general | B6: 0.240625 | C6: 0.11697674 | D6: 0.0090909091 | E6: 0 | F6: 0 | G6: 0 | H6: 0 | I6: 0 | J6: 0
A9: Etiquetas de fila | B9: Máx. de PISO 1 | C9: Máx. de PISO 2 | D9: Máx. de PISO 3 | E9: Máx. de PISO 4 | F9: Máx. de PISO 5 | G9: Máx. de PISO 6 | H9: Máx. de PISO 7 | I9: Máx. de PISO 8 | J9: Máx. de PISO 9
A10: FASE 2 | B10: 0 | C10: 0 | D10: 0 | E10: 0 | F10: 0 | G10: 0 | H10: 0 | I10: 0 | J10: 0
A11: Total general | B11: 0 | C11: 0 | D11: 0 | E11: 0 | F11: 0 | G11: 0 | H11: 0 | I11: 0 | J11: 0
A13: Etiquetas de fila | B13: Máx. de PISO 1 | C13: Máx. de PISO 2 | D13: Máx. de PISO 3 | E13: Máx. de PISO 4 | F13: Máx. de PISO 5 | G13: Máx. de PISO 6 | H13: Máx. de PISO 7 | I13: Máx. de PISO 8 | J13: Máx. de PISO 9
A14: FASE 3 | B14: 0 | C14: 0 | D14: 0 | E14: 0 | F14: 0 | G14: 0 | H14: 0 | I14: 0 | J14: 0
A15: Total general | B15: 0 | C15: 0 | D15: 0 | E15: 0 | F15: 0 | G15: 0 | H15: 0 | I15: 0 | J15: 0
A17: Etiquetas de fila | B17: Máx. de PISO 1 | C17: Máx. de PISO 2 | D17: Máx. de PISO 3 | E17: Máx. de PISO 4 | F17: Máx. de PISO 5 | G17: Máx. de PISO 6 | H17: Máx. de PISO 7 | I17: Máx. de PISO 8 | J17: Máx. de PISO 9
A18: FASE 4 | B18: 0 | C18: 0 | D18: 0 | E18: 0 | F18: 0 | G18: 0 | H18: 0 | I18: 0 | J18: 0
A19: Total general | B19: 0 | C19: 0 | D19: 0 | E19: 0 | F19: 0 | G19: 0 | H19: 0 | I19: 0 | J19: 0
A22: Etiquetas de fila | B22: Máx. de PISO 1 | C22: Máx. de PISO 2 | D22: Máx. de PISO 3 | E22: Máx. de PISO 4 | F22: Máx. de PISO 5 | G22: Máx. de PISO 6 | H22: Máx. de PISO 7 | I22: Máx. de PISO 8 | J22: Máx. de PISO 9
A23: FASE 4 | B23: 0 | C23: 0 | D23: 0 | E23: 0 | F23: 0 | G23: 0 | H23: 0 | I23: 0 | J23: 0
A24: Total general | B24: 0 | C24: 0 | D24: 0 | E24: 0 | F24: 0 | G24: 0 | H24: 0 | I24: 0 | J24: 0
A47: Máx. de PISO 1 | B47: Máx. de PISO 2 | C47: Máx. de PISO 3 | D47: Máx. de PISO 4 | E47: Máx. de PISO 5 | F47: Máx. de PISO 6 | G47: Máx. de PISO 7 | H47: Máx. de PISO 8 | I47: Máx. de PISO 9
A48: 0.06015625 | B48: 0.029244186 | C48: 0.0022727273 | D48: 0 | E48: 0 | F48: 0 | G48: 0 | H48: 0 | I48: 0

Sheet FASE 4
O1: Avance General
C2: CONTROL AVANCE FASE 4 SAN FRANCISCO 211
M3: Cantidad de Deptos. | N3: 359 | O3: =+AVERAGE(C33,C79,C126,C173,C220,C267,C314,C361,C405) -> 0
C5: 1 | D5: 2 | E5: 3 | F5: 4 | G5: 5 | H5: 6 | I5: 7 | J5: 8 | K5: 9 | L5: 10 | M5: 11 | N5: 12
B6: Deptos. | C6: Instalacion de Artefactos Sanitarios. | D6: Extractor de baño. | E6: Instalación de Shower Door | F6: Instalacion de Espejos y Retropintados | G6: Kit de cocina (Horno-Encimera -Campana - Lavaplato) | H6: Griferia. | I6: Pruebas de Instalaciones. | J6: Piso Flotante + cubrejunta + junquillo | K6: Protección Piso Flotante | L6: 2da Mano de Pintura | M6: Instalación de Papel Mural | N6: Topes en piso y Accesorios | O6: Avance Real x Piso
A7: PISO N° 1 | B7: DEPTO 102 | C7: 0 | D7: 0 | E7: 0 | F7: 0 | G7: 0 | H7: 0 | I7: 0 | J7: 0 | K7: 0 | L7: 0 | M7: 0 | N7: 0 | O7: =+AVERAGE(C7:N7) -> 0
B8: DEPTO 103 | C8: 0 | D8: 0 | E8: 0 | F8: 0 | G8: 0 | H8: 0 | I8: 0 | J8: 0 | K8: 0 | L8: 0 | M8: 0 | N8: 0 | O8: =+AVERAGE(C8:N8) -> 0
B9: DEPTO 104 | C9: 0 | D9: 0 | E9: 0 | F9: 0 | G9: 0 | H9: 0 | I9: 0 | J9: 0 | K9: 0 | L9: 0 | M9: 0 | N9: 0 | O9: =+AVERAGE(C9:N9) -> 0
B10: DEPTO 105 | C10: 0 | D10: 0 | E10: 0 | F10: 0 | G10: 0 | H10: 0 | I10: 0 | J10: 0 | K10: 0 | L10: 0 | M10: 0 | N10: 0 | O10: =+AVERAGE(C10:N10) -> 0
B11: DEPTO 106 | C11: 0 | D11: 0 | E11: 0 | F11: 0 | G11: 0 | H11: 0 | I11: 0 | J11: 0 | K11: 0 | L11: 0 | M11: 0 | N11: 0 | O11: =+AVERAGE(C11:N11) -> 0
B12: DEPTO 107 | C12: 0 | D12: 0 | E12: 0 | F12: 0 | G12: 0 | H12: 0 | I12: 0 | J12: 0 | K12: 0 | L12: 0 | M12: 0 | N12: 0 | O12: =+AVERAGE(C12:N12) -> 0
B13: DEPTO 108 | C13: 0 | D13: 0 | E13: 0 | F13: 0 | G13: 0 | H13: 0 | I13: 0 | J13: 0 | K13: 0 | L13: 0 | M13: 0 | N13: 0 | O13: =+AVERAGE(C13:N13) -> 0
B14: DEPTO 118 | C14: 0 | D14: 0 | E14: 0 | F14: 0 | G14: 0 | H14: 0 | I14: 0 | J14: 0 | K14: 0 | L14: 0 | M14: 0 | N14: 0 | O14: =+AVERAGE(C14:N14) -> 0
B15: DEPTO 119 | C15: 0 | D15: 0 | E15: 0 | F15: 0 | G15: 0 | H15: 0 | I15: 0 | J15: 0 | K15: 0 | L15: 0 | M15: 0 | N15: 0 | O15: =+AVERAGE(C15:N15) -> 0
B16: DEPTO 120 | C16: 0 | D16: 0 | E16: 0 | F16: 0 | G16: 0 | H16: 0 | I16: 0 | J16: 0 | K16: 0 | L16: 0 | M16: 0 | N16: 0 | O16: =+AVERAGE(C16:N16) -> 0
B17: DEPTO 121 | C17: 0 | D17: 0 | E17: 0 | F17: 0 | G17: 0 | H17: 0 | I17: 0 | J17: 0 | K17: 0 | L17: 0 | M17: 0 | N17: 0 | O17: =+AVERAGE(C17:N17) -> 0
B18: LOCAL 1 | C18: 0 | D18: 0 | E18: 0 | F18: 0 | G18: 0 | H18: 0 | I18: 0 | J18: 0 | K18: 0 | L18: 0 | M18: 0 | N18: 0 | O18: =+AVERAGE(C18:N18) -> 0
B19: LOCAL 2 | C19: 0 | D19: 0 | E19: 0 | F19: 0 | G19: 0 | H19: 0 | I19: 0 | J19: 0 | K19: 0 | L19: 0 | M19: 0 | N19: 0 | O19: =+AVERAGE(C19:N19) -> 0
... B30: SALON GOURMET 2 | C30: 0 | D30: 0 | E30: 0 | F30: 0 | G30: 0 | H30: 0 | I30: 0 | J30: 0 | K30: 0 | L30: 0 | M30: 0 | N30: 0 | O30: =+AVERAGE(C30:N30) -> 0
A31: GRAFICO DE AVANCE POR PARTIDA
A32: PORCENTAJE POR PARTIDA | C32: =+AVERAGE(C7:C30) -> 0 | D32: =+AVERAGE(D7:D30) -> 0 | E32: =+AVERAGE(E7:E30) -> 0 | F32: =+AVERAGE(F7:F30) -> 0 | G32: =+AVERAGE(G7:G30) -> 0 | H32: =+AVERAGE(H7:H30) -> 0 | I32: =+AVERAGE(I7:I30) -> 0 | J32: =+AVERAGE(J7:J30) -> 0 | ... N32: =+AVERAGE(N7:N30) -> 0
A33: AVANCE GENERAL PISO N° 1 | C33: =+AVERAGE(C32:N32) -> 0
A34: PISO N° 2 A | B34: Depto 202 | C34: 0 | D34: 0 | E34: 0 | F34: 0 | G34: 0 | H34: 0 | I34: 0 | J34: 0 | K34: 0 | L34: 0 | M34: 0 | N34: 0 | O34: =+AVERAGE(C34:N34) -> 0
B35: Depto.203 | C35: 0 | D35: 0 | E35: 0 | F35: 0 | G35: 0 | H35: 0 | I35: 0 | J35: 0 | K35: 0 | L35: 0 | M35: 0 | N35: 0 | O35: =+AVERAGE(C35:N35) -> 0
B36: Depto.204 | C36: 0 | D36: 0 | E36: 0 | F36: 0 | G36: 0 | H36: 0 | I36: 0 | J36: 0 | K36: 0 | L36: 0 | M36: 0 | N36: 0 | O36: =+AVERAGE(C36:N36) -> 0
B37: Depto.205 | C37: 0 | D37: 0 | E37: 0 | F37: 0 | G37: 0 | H37: 0 | I37: 0 | J37: 0 | K37: 0 | L37: 0 | M37: 0 | N37: 0 | O37: =+AVERAGE(C37:N37) -> 0
B38: Depto.206 | C38: 0 | D38: 0 | E38: 0 | F38: 0 | G38: 0 | H38: 0 | I38: 0 | J38: 0 | K38: 0 | L38: 0 | M38: 0 | N38: 0 | O38: =+AVERAGE(C38:N38) -> 0
B39: Depto.207 | C39: 0 | D39: 0 | E39: 0 | F39: 0 | G39: 0 | H39: 0 | I39: 0 | J39: 0 | K39: 0 | L39: 0 | M39: 0 | N39: 0 | O39: =+AVERAGE(C39:N39) -> 0
B40: Depto.208 | C40: 0 | D40: 0 | E40: 0 | F40: 0 | G40: 0 | H40: 0 | I40: 0 | J40: 0 | K40: 0 | L40: 0 | M40: 0 | N40: 0 | O40: =+AVERAGE(C40:N40) -> 0
B41: Depto.209 | C41: 0 | D41: 0 | E41: 0 | F41: 0 | G41: 0 | H41: 0 | I41: 0 | J41: 0 | K41: 0 | L41: 0 | M41: 0 | N41: 0 | O41: =+AVERAGE(C41:N41) -> 0
B42: Depto.210 | C42: 0 | D42: 0 | E42: 0 | F42: 0 | G42: 0 | H42: 0 | I42: 0 | J42: 0 | K42: 0 | L42: 0 | M42: 0 | N42: 0 | O42: =+AVERAGE(C42:N42) -> 0
B43: Depto.211 | C43: 0 | D43: 0 | E43: 0 | F43: 0 | G43: 0 | H43: 0 | I43: 0 | J43: 0 | K43: 0 | L43: 0 | M43: 0 | N43: 0 | O43: =+AVERAGE(C43:N43) -> 0
B44: Depto.212 | C44: 0 | D44: 0 | E44: 0 | F44: 0 | G44: 0 | H44: 0 | I44: 0 | J44: 0 | K44: 0 | L44: 0 | M44: 0 | N44: 0 | O44: =+AVERAGE(C44:N44) -> 0
B45: Depto.213 | C45: 0 | D45: 0 | E45: 0 | F45: 0 | G45: 0 | H45: 0 | I45: 0 | J45: 0 | K45: 0 | L45: 0 | M45: 0 | N45: 0 | O45: =+AVERAGE(C45:N45) -> 0
B46: Depto.214 | C46: 0 | D46: 0 | E46: 0 | F46: 0 | G46: 0 | H46: 0 | I46: 0 | J46: 0 | K46: 0 | L46: 0 | M46: 0 | N46: 0 | O46: =+AVERAGE(C46:N46) -> 0
... B55: Depto.223 | C55: 0 | D55: 0 | E55: 0 | F55: 0 | G55: 0 | H55: 0 | I55: 0 | J55: 0 | K55: 0 | L55: 0 | M55: 0 | N55: 0 | O55: =+AVERAGE(C55:N55) -> 0
A56: PISO N° 2 B | B56: Depto.201 | C56: 0 | D56: 0 | E56: 0 | F56: 0 | G56: 0 | H56: 0 | I56: 0 | J56: 0 | K56: 0 | L56: 0 | M56: 0 | N56: 0 | O56: =+AVERAGE(C56:N56) -> 0
B57: Depto.202 | C57: 0 | D57: 0 | E57: 0 | F57: 0 | G57: 0 | H57: 0 | I57: 0 | J57: 0 | K57: 0 | L57: 0 | M57: 0 | N57: 0 | O57: =+AVERAGE(C57:N57) -> 0
B58: Depto.203 | C58: 0 | D58: 0 | E58: 0 | F58: 0 | G58: 0 | H58: 0 | I58: 0 | J58: 0 | K58: 0 | L58: 0 | M58: 0 | N58: 0 | O58: =+AVERAGE(C58:N58) -> 0
B59: Depto.204 | C59: 0 | D59: 0 | E59: 0 | F59: 0 | G59: 0 | H59: 0 | I59: 0 | J59: 0 | K59: 0 | L59: 0 | M59: 0 | N59: 0 | O59: =+AVERAGE(C59:N59) -> 0
B60: Depto.205 | C60: 0 | D60: 0 | E60: 0 | F60: 0 | G60: 0 | H60: 0 | I60: 0 | J60: 0 | K60: 0 | L60: 0 | M60: 0 | N60: 0 | O60: =+AVERAGE(C60:N60) -> 0
B61: Depto.206 | C61: 0 | D61: 0 | E61: 0 | F61: 0 | G61: 0 | H61: 0 | I61: 0 | J61: 0 | K61: 0 | L61: 0 | M61: 0 | N61: 0 | O61: =+AVERAGE(C61:N61) -> 0
B62: Depto.207 | C62: 0 | D62: 0 | E62: 0 | F62: 0 | G62: 0 | H62: 0 | I62: 0 | J62: 0 | K62: 0 | L62: 0 | M62: 0 | N62: 0 | O62: =+AVERAGE(C62:N62) -> 0
B63: Depto.208 | C63: 0 | D63: 0 | E63: 0 | F63: 0 | G63: 0 | H63: 0 | I63: 0 | J63: 0 | K63: 0 | L63: 0 | M63: 0 | N63: 0 | O63: =+AVERAGE(C63:N63) -> 0
B64: Depto.209 | C64: 0 | D64: 0 | E64: 0 | F64: 0 | G64: 0 | H64: 0 | I64: 0 | J64: 0 | K64: 0 | L64: 0 | M64: 0 | N64: 0 | O64: =+AVERAGE(C64:N64) -> 0
B65: Depto.210 | C65: 0 | D65: 0 | E65: 0 | F65: 0 | G65: 0 | H65: 0 | I65: 0 | J65: 0 | K65: 0 | L65: 0 | M65: 0 | N65: 0 | O65: =+AVERAGE(C65:N65) -> 0
B66: Depto.211 | C66: 0 | D66: 0 | E66: 0 | F66: 0 | G66: 0 | H66: 0 | I66: 0 | J66: 0 | K66: 0 | L66: 0 | M66: 0 | N66: 0 | O66: =+AVERAGE(C66:N66) -> 0
B67: Depto.212 | C67: 0 | D67: 0 | E67: 0 | F67: 0 | G67: 0 | H67: 0 | I67: 0 | J67: 0 | K67: 0 | L67: 0 | M67: 0 | N67: 0 | O67: =+AVERAGE(C67:N67) -> 0
B68: Depto.213 | C68: 0 | D68: 0 | E68: 0 | F68: 0 | G68: 0 | H68: 0 | I68: 0 | J68: 0 | K68: 0 | L68: 0 | M68: 0 | N68: 0 | O68: =+AVERAGE(C68:N68) -> 0
... B76: Depto.221 | C76: 0 | D76: 0 | E76: 0 | F76: 0 | G76: 0 | H76: 0 | I76: 0 | J76: 0 | K76: 0 | L76: 0 | M76: 0 | N76: 0 | O76: =+AVERAGE(C76:N76) -> 0
A77: GRAFICO DE AVANCE POR PARTIDA
A78: PORCENTAJE POR PARTIDA | C78: =+AVERAGE(C34:C76) -> 0 | D78: =+AVERAGE(D34:D76) -> 0 | E78: =+AVERAGE(E34:E76) -> 0 | F78: =+AVERAGE(F34:F76) -> 0 | G78: =+AVERAGE(G34:G76) -> 0 | H78: =+AVERAGE(H34:H76) -> 0 | I78: =+AVERAGE(I34:I76) -> 0 | J78: =+AVERAGE(J34:J76) -> 0 | ... N78: =+AVERAGE(N34:N76) -> 0
A79: AVANCE GENERAL PISO N° 2 | C79: =+AVERAGE(C78:N78) -> 0
A80: PISO N°3 A | B80: Depto.301 | C80: 0 | D80: 0 | E80: 0 | F80: 0 | G80: 0 | H80: 0 | I80: 0 | J80: 0 | K80: 0 | L80: 0 | M80: 0 | N80: 0 | O80: =+AVERAGE(C80:N80) -> 0
B81: Depto.302 | C81: 0 | D81: 0 | E81: 0 | F81: 0 | G81: 0 | H81: 0 | I81: 0 | J81: 0 | K81: 0 | L81: 0 | M81: 0 | N81: 0
B82: Depto.303 | C82: 0 | D82: 0 | E82: 0 | F82: 0 | G82: 0 | H82: 0 | I82: 0 | J82: 0 | K82: 0 | L82: 0 | M82: 0 | N82: 0
B83: Depto.304 | C83: 0 | D83: 0 | E83: 0 | F83: 0 | G83: 0 | H83: 0 | I83: 0 | J83: 0 | K83: 0 | L83: 0 | M83: 0 | N83: 0
B84: Depto.305 | C84: 0 | D84: 0 | E84: 0 | F84: 0 | G84: 0 | H84: 0 | I84: 0 | J84: 0 | K84: 0 | L84: 0 | M84: 0 | N84: 0
B85: Depto.306 | C85: 0 | D85: 0 | E85: 0 | F85: 0 | G85: 0 | H85: 0 | I85: 0 | J85: 0 | K85: 0 | L85: 0 | M85: 0 | N85: 0
B86: Depto.307 | C86: 0 | D86: 0 | E86: 0 | F86: 0 | G86: 0 | H86: 0 | I86: 0 | J86: 0 | K86: 0 | L86: 0 | M86: 0 | N86: 0
B87: Depto.308 | C87: 0 | D87: 0 | E87: 0 | F87: 0 | G87: 0 | H87: 0 | I87: 0 | J87: 0 | K87: 0 | L87: 0 | M87: 0 | N87: 0
B88: Depto.309 | C88: 0 | D88: 0 | E88: 0 | F88: 0 | G88: 0 | H88: 0 | I88: 0 | J88: 0 | K88: 0 | L88: 0 | M88: 0 | N88: 0
B89: Depto.310 | C89: 0 | D89: 0 | E89: 0 | F89: 0 | G89: 0 | H89: 0 | I89: 0 | J89: 0 | K89: 0 | L89: 0 | M89: 0 | N89: 0 | O89: =+AVERAGE(C89:N89) -> 0
B90: Depto.311 | C90: 0 | D90: 0 | E90: 0 | F90: 0 | G90: 0 | H90: 0 | I90: 0 | J90: 0 | K90: 0 | L90: 0 | M90: 0 | N90: 0 | O90: =+AVERAGE(C90:N90) -> 0
B91: Depto.312 | C91: 0 | D91: 0 | E91: 0 | F91: 0 | G91: 0 | H91: 0 | I91: 0 | J91: 0 | K91: 0 | L91: 0 | M91: 0 | N91: 0 | O91: =+AVERAGE(C91:N91) -> 0
B92: Depto.313 | C92: 0 | D92: 0 | E92: 0 | F92: 0 | G92: 0 | H92: 0 | I92: 0 | J92: 0 | K92: 0 | L92: 0 | M92: 0 | N92: 0 | O92: =+AVERAGE(C92:N92) -> 0
B93: Depto.314 | C93: 0 | D93: 0 | E93: 0 | F93: 0 | G93: 0 | H93: 0 | I93: 0 | J93: 0 | K93: 0 | L93: 0 | M93: 0 | N93: 0 | O93: =+AVERAGE(C93:N93) -> 0
B94: Depto.315 | C94: 0 | D94: 0 | E94: 0 | F94: 0 | G94: 0 | H94: 0 | I94: 0 | J94: 0 | K94: 0 | L94: 0 | M94: 0 | N94: 0 | O94: =+AVERAGE(C94:N94) -> 0
B95: Depto.316 | C95: 0 | D95: 0 | E95: 0 | F95: 0 | G95: 0 | H95: 0 | I95: 0 | J95: 0 | K95: 0 | L95: 0 | M95: 0 | N95: 0 | O95: =+AVERAGE(C95:N95) -> 0
B96: Depto.317 | C96: 0 | D96: 0 | E96: 0 | F96: 0 | G96: 0 | H96: 0 | I96: 0 | J96: 0 | K96: 0 | L96: 0 | M96: 0 | N96: 0 | O96: =+AVERAGE(C96:N96) -> 0
B97: Depto.318 | C97: 0 | D97: 0 | E97: 0 | F97: 0 | G97: 0 | H97: 0 | I97: 0 | J97: 0 | K97: 0 | L97: 0 | M97: 0 | N97: 0 | O97: =+AVERAGE(C97:N97) -> 0
B98: Depto.319 | C98: 0 | D98: 0 | E98: 0 | F98: 0 | G98: 0 | H98: 0 | I98: 0 | J98: 0 | K98: 0 | L98: 0 | M98: 0 | N98: 0 | O98: =+AVERAGE(C98:N98) -> 0
B99: Depto.320 | C99: 0 | D99: 0 | E99: 0 | F99: 0 | G99: 0 | H99: 0 | I99: 0 | J99: 0 | K99: 0 | L99: 0 | M99: 0 | N99: 0 | O99: =+AVERAGE(C99:N99) -> 0
B100: Depto.321 | C100: 0 | D100: 0 | E100: 0 | F100: 0 | G100: 0 | H100: 0 | I100: 0 | J100: 0 | K100: 0 | L100: 0 | M100: 0 | N100: 0 | O100: =+AVERAGE(C100:N100) -> 0
... B102: Depto.323 | C102: 0 | D102: 0 | E102: 0 | F102: 0 | G102: 0 | H102: 0 | I102: 0 | J102: 0 | K102: 0 | L102: 0 | M102: 0 | N102: 0 | O102: =+AVERAGE(C102:N102) -> 0
A103: PISO N°3 B | B103: Depto.301 | C103: 0 | D103: 0 | E103: 0 | F103: 0 | G103: 0 | H103: 0 | I103: 0 | J103: 0 | K103: 0 | L103: 0 | M103: 0 | N103: 0 | O103: =+AVERAGE(C103:N103) -> 0
B104: Depto.302 | C104: 0 | D104: 0 | E104: 0 | F104: 0 | G104: 0 | H104: 0 | I104: 0 | J104: 0 | K104: 0 | L104: 0 | M104: 0 | N104: 0 | O104: =+AVERAGE(C104:N104) -> 0
B105: Depto.303 | C105: 0 | D105: 0 | E105: 0 | F105: 0 | G105: 0 | H105: 0 | I105: 0 | J105: 0 | K105: 0 | L105: 0 | M105: 0 | N105: 0 | O105: =+AVERAGE(C105:N105) -> 0
B106: Depto.304 | C106: 0 | D106: 0 | E106: 0 | F106: 0 | G106: 0 | H106: 0 | I106: 0 | J106: 0 | K106: 0 | L106: 0 | M106: 0 | N106: 0 | O106: =+AVERAGE(C106:N106) -> 0
B107: Depto.305 | C107: 0 | D107: 0 | E107: 0 | F107: 0 | G107: 0 | H107: 0 | I107: 0 | J107: 0 | K107: 0 | L107: 0 | M107: 0 | N107: 0 | O107: =+AVERAGE(C107:N107) -> 0
B108: Depto.306 | C108: 0 | D108: 0 | E108: 0 | F108: 0 | G108: 0 | H108: 0 | I108: 0 | J108: 0 | K108: 0 | L108: 0 | M108: 0 | N108: 0 | O108: =+AVERAGE(C108:N108) -> 0
B109: Depto.307 | C109: 0 | D109: 0 | E109: 0 | F109: 0 | G109: 0 | H109: 0 | I109: 0 | J109: 0 | K109: 0 | L109: 0 | M109: 0 | N109: 0 | O109: =+AVERAGE(C109:N109) -> 0
B110: Depto.308 | C110: 0 | D110: 0 | E110: 0 | F110: 0 | G110: 0 | H110: 0 | I110: 0 | J110: 0 | K110: 0 | L110: 0 | M110: 0 | N110: 0 | O110: =+AVERAGE(C110:N110) -> 0
B111: Depto.309 | C111: 0 | D111: 0 | E111: 0 | F111: 0 | G111: 0 | H111: 0 | I111: 0 | J111: 0 | K111: 0 | L111: 0 | M111: 0 | N111: 0 | O111: =+AVERAGE(C111:N111) -> 0
B112: Depto.310 | C112: 0 | D112: 0 | E112: 0 | F112: 0 | G112: 0 | H112: 0 | I112: 0 | J112: 0 | K112: 0 | L112: 0 | M112: 0 | N112: 0 | O112: =+AVERAGE(C112:N112) -> 0
B113: Depto.311 | C113: 0 | D113: 0 | E113: 0 | F113: 0 | G113: 0 | H113: 0 | I113: 0 | J113: 0 | K113: 0 | L113: 0 | M113: 0 | N113: 0 | O113: =+AVERAGE(C113:N113) -> 0
B114: Depto.312 | C114: 0 | D114: 0 | E114: 0 | F114: 0 | G114: 0 | H114: 0 | I114: 0 | J114: 0 | K114: 0 | L114: 0 | M114: 0 | N114: 0 | O114: =+AVERAGE(C114:N114) -> 0
B115: Depto.313 | C115: 0 | D115: 0 | E115: 0 | F115: 0 | G115: 0 | H115: 0 | I115: 0 | J115: 0 | K115: 0 | L115: 0 | M115: 0 | N115: 0 | O115: =+AVERAGE(C115:N115) -> 0
... B123: Depto.321 | C123: 0 | D123: 0 | E123: 0 | F123: 0 | G123: 0 | H123: 0 | I123: 0 | J123: 0 | K123: 0 | L123: 0 | M123: 0 | N123: 0 | O123: =+AVERAGE(C123:N123) -> 0
A124: GRAFICO DE AVANCE POR PARTIDA
A125: PORCENTAJE POR PARTIDA | C125: =+AVERAGE(C80:C123) -> 0 | D125: =+AVERAGE(D80:D123) -> 0 | E125: =+AVERAGE(E80:E123) -> 0 | F125: =+AVERAGE(F80:F123) -> 0 | G125: =+AVERAGE(G80:G123) -> 0 | H125: =+AVERAGE(H80:H123) -> 0 | I125: =+AVERAGE(I80:I123) -> 0 | J125: =+AVERAGE(J80:J123) -> 0 | ... N125: =+AVERAGE(N80:N123) -> 0
A126: AVANCE GENERAL PISO N° 3 | C126: =+AVERAGE(C125:N125) -> 0
A127: PISO N°4 A | B127: Depto.401 | C127: 0 | D127: 0 | E127: 0 | F127: 0 | G127: 0 | H127: 0 | I127: 0 | J127: 0 | K127: 0 | L127: 0 | M127: 0 | N127: 0 | O127: =+AVERAGE(C127:N127) -> 0
B128: Depto.402 | C128: 0 | D128: 0 | E128: 0 | F128: 0 | G128: 0 | H128: 0 | I128: 0 | J128: 0 | K128: 0 | L128: 0 | M128: 0 | N128: 0 | O128: =+AVERAGE(C128:N128) -> 0
B129: Depto.403 | C129: 0 | D129: 0 | E129: 0 | F129: 0 | G129: 0 | H129: 0 | I129: 0 | J129: 0 | K129: 0 | L129: 0 | M129: 0 | N129: 0 | O129: =+AVERAGE(C129:N129) -> 0
B130: Depto.404 | C130: 0 | D130: 0 | E130: 0 | F130: 0 | G130: 0 | H130: 0 | I130: 0 | J130: 0 | K130: 0 | L130: 0 | M130: 0 | N130: 0 | O130: =+AVERAGE(C130:N130) -> 0
B131: Depto.405 | C131: 0 | D131: 0 | E131: 0 | F131: 0 | G131: 0 | H131: 0 | I131: 0 | J131: 0 | K131: 0 | L131: 0 | M131: 0 | N131: 0 | O131: =+AVERAGE(C131:N131) -> 0
B132: Depto.406 | C132: 0 | D132: 0 | E132: 0 | F132: 0 | G132: 0 | H132: 0 | I132: 0 | J132: 0 | K132: 0 | L132: 0 | M132: 0 | N132: 0 | O132: =+AVERAGE(C132:N132) -> 0
B133: Depto.407 | C133: 0 | D133: 0 | E133: 0 | F133: 0 | G133: 0 | H133: 0 | I133: 0 | J133: 0 | K133: 0 | L133: 0 | M133: 0 | N133: 0 | O133: =+AVERAGE(C133:N133) -> 0
B134: Depto.408 | C134: 0 | D134: 0 | E134: 0 | F134: 0 | G134: 0 | H134: 0 | I134: 0 | J134: 0 | K134: 0 | L134: 0 | M134: 0 | N134: 0 | O134: =+AVERAGE(C134:N134) -> 0
...

Sheet FASE 3 
X1: Avance General
C2: CONTROL AVANCE FASE 3 SAN FRANCISCO 211
V3: Cantidad de Deptos. | W3: 359 | X3: =+AVERAGE(C33,C79,C126,C173,C220,C267,C314,C361,C405) -> 0.0088183422
C5: 1 | D5: 2 | E5: 3 | F5: 4 | G5: 5 | H5: 6 | I5: 7 | J5: 8 | K5: 9 | L5: 10 | M5: 11 | N5: 12 | O5: 13 | P5: 14 | Q5: 15 | R5: 16 | S5: 17 | T5: 18 | U5: 19 | V5: 20 | W5: 21
B6: Deptos. | C6: Instalación piernas de closet | D6: Instalación Cornisas | E6: Cuadratura de cajas. | F6: Remate yeso y cornisas | G6: Puertas interiores | H6: Puertas de acceso y pasillo | I6: Cerradura Puertas | J6: Cableado Eléctrico y CCDD | K6: Canterias | L6: Empaste Muro Cielo | M6: Instalacion Guardapolvo | N6: Instalación de Baranda de Crital | O6: Pintura Cielo Terrazas | P6: Grano Muros Terrazas | Q6: Losalin Cielo Departamento | R6: Pintura Cielo Baños | S6: Instalacion de Muebles baño | T6: Instalacion Muebles de cocina (Base) | U6: Instalacion Muebles de cocina (Aereo) | V6: Instalación cubiertas cocina | W6: Muebles Interior closet | X6: Avance Real x Piso
A7: PISO N° 1 | B7: DEPTO 102 | C7: 0 | D7: 0 | E7: 0 | F7: 0 | G7: 0 | H7: 0 | I7: 0 | J7: 0 | K7: 0 | L7: 0 | M7: 0 | N7: 0 | O7: 0 | P7: 0 | Q7: 0 | R7: 0 | S7: 0 | T7: 0 | U7: 0 | V7: 0 | W7: 0 | X7: =+AVERAGE(C7:W7) -> 0
B8: DEPTO 103 | C8: 0 | D8: 0 | E8: 1 | F8: 0 | G8: 0 | H8: 0 | I8: 0 | J8: 0 | K8: 0 | L8: 0 | M8: 0 | N8: 0 | O8: 0 | P8: 0 | Q8: 0 | R8: 0 | S8: 0 | T8: 0 | U8: 0 | V8: 0 | W8: 0 | X8: =+AVERAGE(C8:W8) -> 0.047619048
B9: DEPTO 104 | C9: 0 | D9: 0 | E9: 1 | F9: 0 | G9: 0 | H9: 0 | I9: 0 | J9: 0 | K9: 0 | L9: 0 | M9: 0 | N9: 0 | O9: 0 | P9: 0 | Q9: 0 | R9: 0 | S9: 0 | T9: 0 | U9: 0 | V9: 0 | W9: 0 | X9: =+AVERAGE(C9:W9) -> 0.047619048
B10: DEPTO 105 | C10: 0 | D10: 0 | E10: 1 | F10: 0 | G10: 0 | H10: 0 | I10: 0 | J10: 0 | K10: 0 | L10: 0 | M10: 0 | N10: 0 | O10: 0 | P10: 0 | Q10: 0 | R10: 0 | S10: 0 | T10: 0 | U10: 0 | V10: 0 | W10: 0 | X10: =+AVERAGE(C10:W10) -> 0.047619048
B11: DEPTO 106 | C11: 0 | D11: 0 | E11: 1 | F11: 0 | G11: 0 | H11: 0 | I11: 0 | J11: 0 | K11: 0 | L11: 0 | M11: 0 | N11: 0 | O11: 0 | P11: 0 | Q11: 0 | R11: 0 | S11: 0 | T11: 0 | U11: 0 | V11: 0 | W11: 0 | X11: =+AVERAGE(C11:W11) -> 0.047619048
B12: DEPTO 107 | C12: 0 | D12: 0 | E12: 1 | F12: 0 | G12: 0 | H12: 0 | I12: 0 | J12: 0 | K12: 0 | L12: 0 | M12: 0 | N12: 0 | O12: 0 | P12: 0 | Q12: 0 | R12: 0 | S12: 0 | T12: 0 | U12: 0 | V12: 0 | W12: 0 | X12: =+AVERAGE(C12:W12) -> 0.047619048
B13: DEPTO 108 | C13: 0 | D13: 0 | E13: 1 | F13: 0 | G13: 0 | H13: 0 | I13: 0 | J13: 0 | K13: 0 | L13: 0 | M13: 0 | N13: 0 | O13: 0 | P13: 0 | Q13: 0 | R13: 0 | S13: 0 | T13: 0 | U13: 0 | V13: 0 | W13: 0 | X13: =+AVERAGE(C13:W13) -> 0.047619048
B14: DEPTO 118 | C14: 0 | D14: 0 | E14: 0 | F14: 0 | G14: 0 | H14: 0 | I14: 0 | J14: 0 | K14: 0 | L14: 0 | M14: 0 | N14: 0 | O14: 0 | P14: 0 | Q14: 0 | R14: 0 | S14: 0 | T14: 0 | U14: 0 | V14: 0 | W14: 0 | X14: =+AVERAGE(C14:W14) -> 0
B15: DEPTO 119 | C15: 0 | D15: 0 | E15: 0 | F15: 0 | G15: 0 | H15: 0 | I15: 0 | J15: 0 | K15: 0 | L15: 0 | M15: 0 | N15: 0 | O15: 0 | P15: 0 | Q15: 0 | R15: 0 | S15: 0 | T15: 0 | U15: 0 | V15: 0 | W15: 0 | X15: =+AVERAGE(C15:W15) -> 0
B16: DEPTO 120 | C16: 0 | D16: 1 | E16: 1 | F16: 1 | G16: 1 | H16: 0 | I16: 1 | J16: 1 | K16: 0 | L16: 1 | M16: 1 | N16: 1 | O16: 1 | P16: 1 | Q16: 1 | R16: 1 | S16: 1 | T16: 1 | U16: 1 | V16: 1 | W16: 0 | X16: =+AVERAGE(C16:W16) -> 0.80952381
B17: DEPTO 121 | C17: 0 | D17: 1 | E17: 1 | F17: 1 | G17: 1 | H17: 0 | I17: 1 | J17: 1 | K17: 0 | L17: 1 | M17: 1 | N17: 1 | O17: 1 | P17: 1 | Q17: 1 | R17: 1 | S17: 1 | T17: 1 | U17: 1 | V17: 1 | W17: 0 | X17: =+AVERAGE(C17:W17) -> 0.80952381
B18: LOCAL 1 | C18: 0 | D18: 0 | E18: 0 | F18: 0 | G18: 0 | H18: 0 | I18: 0 | J18: 0 | K18: 0 | L18: 0 | M18: 0 | N18: 0 | O18: 0 | P18: 0 | Q18: 0 | R18: 0 | S18: 0 | T18: 0 | U18: 0 | V18: 0 | W18: 0 | X18: =+AVERAGE(C18:W18) -> 0
B19: LOCAL 2 | C19: 0 | D19: 0 | E19: 0 | F19: 0 | G19: 0 | H19: 0 | I19: 0 | J19: 0 | K19: 0 | L19: 0 | M19: 0 | N19: 0 | O19: 0 | P19: 0 | Q19: 0 | R19: 0 | S19: 0 | T19: 0 | U19: 0 | V19: 0 | W19: 0 | X19: =+AVERAGE(C19:W19) -> 0
... B30: SALON GOURMET 2 | C30: 0 | D30: 0 | E30: 0 | F30: 0 | G30: 0 | H30: 0 | I30: 0 | J30: 0 | K30: 0 | L30: 0 | M30: 0 | N30: 0 | O30: 0 | P30: 0 | Q30: 0 | R30: 0 | S30: 0 | T30: 0 | U30: 0 | V30: 0 | W30: 0 | X30: =+AVERAGE(C30:W30) -> 0
A31: GRAFICO DE AVANCE POR PARTIDA
A32: PORCENTAJE POR PARTIDA | C32: =+AVERAGE(C7:C30) -> 0 | D32: =+AVERAGE(D7:D30) -> 0.083333333 | E32: =+AVERAGE(E7:E30) -> 0.33333333 | F32: =+AVERAGE(F7:F30) -> 0.083333333 | G32: =+AVERAGE(G7:G30) -> 0.083333333 | H32: =+AVERAGE(H7:H30) -> 0 | I32: =+AVERAGE(I7:I30) -> 0.083333333 | J32: =+AVERAGE(J7:J30) -> 0.083333333 | ... W32: =+AVERAGE(W7:W30) -> 0
A33: AVANCE GENERAL PISO N° 1 | C33: =+AVERAGE(C32:W32) -> 0.079365079
A34: PISO N° 2 A | B34: Depto 202 | C34: 0 | D34: 0 | E34: 0 | F34: 0 | G34: 0 | H34: 0 | I34: 0 | J34: 0 | K34: 0 | L34: 0 | M34: 0 | N34: 0 | O34: 0 | P34: 0 | Q34: 0 | R34: 0 | S34: 0 | T34: 0 | U34: 0 | V34: 0 | W34: 0 | X34: =+AVERAGE(C34:W34) -> 0
B35: Depto.203 | C35: 0 | D35: 0 | E35: 0 | F35: 0 | G35: 0 | H35: 0 | I35: 0 | J35: 0 | K35: 0 | L35: 0 | M35: 0 | N35: 0 | O35: 0 | P35: 0 | Q35: 0 | R35: 0 | S35: 0 | T35: 0 | U35: 0 | V35: 0 | W35: 0 | X35: =+AVERAGE(C35:W35) -> 0
B36: Depto.204 | C36: 0 | D36: 0 | E36: 0 | F36: 0 | G36: 0 | H36: 0 | I36: 0 | J36: 0 | K36: 0 | L36: 0 | M36: 0 | N36: 0 | O36: 0 | P36: 0 | Q36: 0 | R36: 0 | S36: 0 | T36: 0 | U36: 0 | V36: 0 | W36: 0 | X36: =+AVERAGE(C36:W36) -> 0
B37: Depto.205 | C37: 0 | D37: 0 | E37: 0 | F37: 0 | G37: 0 | H37: 0 | I37: 0 | J37: 0 | K37: 0 | L37: 0 | M37: 0 | N37: 0 | O37: 0 | P37: 0 | Q37: 0 | R37: 0 | S37: 0 | T37: 0 | U37: 0 | V37: 0 | W37: 0 | X37: =+AVERAGE(C37:W37) -> 0
B38: Depto.206 | C38: 0 | D38: 0 | E38: 0 | F38: 0 | G38: 0 | H38: 0 | I38: 0 | J38: 0 | K38: 0 | L38: 0 | M38: 0 | N38: 0 | O38: 0 | P38: 0 | Q38: 0 | R38: 0 | S38: 0 | T38: 0 | U38: 0 | V38: 0 | W38: 0 | X38: =+AVERAGE(C38:W38) -> 0
B39: Depto.207 | C39: 0 | D39: 0 | E39: 0 | F39: 0 | G39: 0 | H39: 0 | I39: 0 | J39: 0 | K39: 0 | L39: 0 | M39: 0 | N39: 0 | O39: 0 | P39: 0 | Q39: 0 | R39: 0 | S39: 0 | T39: 0 | U39: 0 | V39: 0 | W39: 0 | X39: =+AVERAGE(C39:W39) -> 0
B40: Depto.208 | C40: 0 | D40: 0 | E40: 0 | F40: 0 | G40: 0 | H40: 0 | I40: 0 | J40: 0 | K40: 0 | L40: 0 | M40: 0 | N40: 0 | O40: 0 | P40: 0 | Q40: 0 | R40: 0 | S40: 0 | T40: 0 | U40: 0 | V40: 0 | W40: 0 | X40: =+AVERAGE(C40:W40) -> 0
B41: Depto.209 | C41: 0 | D41: 0 | E41: 0 | F41: 0 | G41: 0 | H41: 0 | I41: 0 | J41: 0 | K41: 0 | L41: 0 | M41: 0 | N41: 0 | O41: 0 | P41: 0 | Q41: 0 | R41: 0 | S41: 0 | T41: 0 | U41: 0 | V41: 0 | W41: 0 | X41: =+AVERAGE(C41:W41) -> 0
B42: Depto.210 | C42: 0 | D42: 0 | E42: 0 | F42: 0 | G42: 0 | H42: 0 | I42: 0 | J42: 0 | K42: 0 | L42: 0 | M42: 0 | N42: 0 | O42: 0 | P42: 0 | Q42: 0 | R42: 0 | S42: 0 | T42: 0 | U42: 0 | V42: 0 | W42: 0 | X42: =+AVERAGE(C42:W42) -> 0
B43: Depto.211 | C43: 0 | D43: 0 | E43: 0 | F43: 0 | G43: 0 | H43: 0 | I43: 0 | J43: 0 | K43: 0 | L43: 0 | M43: 0 | N43: 0 | O43: 0 | P43: 0 | Q43: 0 | R43: 0 | S43: 0 | T43: 0 | U43: 0 | V43: 0 | W43: 0 | X43: =+AVERAGE(C43:W43) -> 0
B44: Depto.212 | C44: 0 | D44: 0 | E44: 0 | F44: 0 | G44: 0 | H44: 0 | I44: 0 | J44: 0 | K44: 0 | L44: 0 | M44: 0 | N44: 0 | O44: 0 | P44: 0 | Q44: 0 | R44: 0 | S44: 0 | T44: 0 | U44: 0 | V44: 0 | W44: 0 | X44: =+AVERAGE(C44:W44) -> 0
B45: Depto.213 | C45: 0 | D45: 0 | E45: 0 | F45: 0 | G45: 0 | H45: 0 | I45: 0 | J45: 0 | K45: 0 | L45: 0 | M45: 0 | N45: 0 | O45: 0 | P45: 0 | Q45: 0 | R45: 0 | S45: 0 | T45: 0 | U45: 0 | V45: 0 | W45: 0 | X45: =+AVERAGE(C45:W45) -> 0
B46: Depto.214 | C46: 0 | D46: 0 | E46: 0 | F46: 0 | G46: 0 | H46: 0 | I46: 0 | J46: 0 | K46: 0 | L46: 0 | M46: 0 | N46: 0 | O46: 0 | P46: 0 | Q46: 0 | R46: 0 | S46: 0 | T46: 0 | U46: 0 | V46: 0 | W46: 0 | X46: =+AVERAGE(C46:W46) -> 0
... B55: Depto.223 | C55: 0 | D55: 0 | E55: 0 | F55: 0 | G55: 0 | H55: 0 | I55: 0 | J55: 0 | K55: 0 | L55: 0 | M55: 0 | N55: 0 | O55: 0 | P55: 0 | Q55: 0 | R55: 0 | S55: 0 | T55: 0 | U55: 0 | V55: 0 | W55: 0 | X55: =+AVERAGE(C55:W55) -> 0
A56: PISO N° 2 B | B56: Depto.201 | C56: 0 | D56: 0 | E56: 0 | F56: 0 | G56: 0 | H56: 0 | I56: 0 | J56: 0 | K56: 0 | L56: 0 | M56: 0 | N56: 0 | O56: 0 | P56: 0 | Q56: 0 | R56: 0 | S56: 0 | T56: 0 | U56: 0 | V56: 0 | W56: 0 | X56: =+AVERAGE(C56:W56) -> 0
B57: Depto.202 | C57: 0 | D57: 0 | E57: 0 | F57: 0 | G57: 0 | H57: 0 | I57: 0 | J57: 0 | K57: 0 | L57: 0 | M57: 0 | N57: 0 | O57: 0 | P57: 0 | Q57: 0 | R57: 0 | S57: 0 | T57: 0 | U57: 0 | V57: 0 | W57: 0 | X57: =+AVERAGE(C57:W57) -> 0
B58: Depto.203 | C58: 0 | D58: 0 | E58: 0 | F58: 0 | G58: 0 | H58: 0 | I58: 0 | J58: 0 | K58: 0 | L58: 0 | M58: 0 | N58: 0 | O58: 0 | P58: 0 | Q58: 0 | R58: 0 | S58: 0 | T58: 0 | U58: 0 | V58: 0 | W58: 0 | X58: =+AVERAGE(C58:W58) -> 0
B59: Depto.204 | C59: 0 | D59: 0 | E59: 0 | F59: 0 | G59: 0 | H59: 0 | I59: 0 | J59: 0 | K59: 0 | L59: 0 | M59: 0 | N59: 0 | O59: 0 | P59: 0 | Q59: 0 | R59: 0 | S59: 0 | T59: 0 | U59: 0 | V59: 0 | W59: 0 | X59: =+AVERAGE(C59:W59) -> 0
B60: Depto.205 | C60: 0 | D60: 0 | E60: 0 | F60: 0 | G60: 0 | H60: 0 | I60: 0 | J60: 0 | K60: 0 | L60: 0 | M60: 0 | N60: 0 | O60: 0 | P60: 0 | Q60: 0 | R60: 0 | S60: 0 | T60: 0 | U60: 0 | V60: 0 | W60: 0 | X60: =+AVERAGE(C60:W60) -> 0
B61: Depto.206 | C61: 0 | D61: 0 | E61: 0 | F61: 0 | G61: 0 | H61: 0 | I61: 0 | J61: 0 | K61: 0 | L61: 0 | M61: 0 | N61: 0 | O61: 0 | P61: 0 | Q61: 0 | R61: 0 | S61: 0 | T61: 0 | U61: 0 | V61: 0 | W61: 0 | X61: =+AVERAGE(C61:W61) -> 0
B62: Depto.207 | C62: 0 | D62: 0 | E62: 0 | F62: 0 | G62: 0 | H62: 0 | I62: 0 | J62: 0 | K62: 0 | L62: 0 | M62: 0 | N62: 0 | O62: 0 | P62: 0 | Q62: 0 | R62: 0 | S62: 0 | T62: 0 | U62: 0 | V62: 0 | W62: 0 | X62: =+AVERAGE(C62:W62) -> 0
B63: Depto.208 | C63: 0 | D63: 0 | E63: 0 | F63: 0 | G63: 0 | H63: 0 | I63: 0 | J63: 0 | K63: 0 | L63: 0 | M63: 0 | N63: 0 | O63: 0 | P63: 0 | Q63: 0 | R63: 0 | S63: 0 | T63: 0 | U63: 0 | V63: 0 | W63: 0 | X63: =+AVERAGE(C63:W63) -> 0
B64: Depto.209 | C64: 0 | D64: 0 | E64: 0 | F64: 0 | G64: 0 | H64: 0 | I64: 0 | J64: 0 | K64: 0 | L64: 0 | M64: 0 | N64: 0 | O64: 0 | P64: 0 | Q64: 0 | R64: 0 | S64: 0 | T64: 0 | U64: 0 | V64: 0 | W64: 0 | X64: =+AVERAGE(C64:W64) -> 0
B65: Depto.210 | C65: 0 | D65: 0 | E65: 0 | F65: 0 | G65: 0 | H65: 0 | I65: 0 | J65: 0 | K65: 0 | L65: 0 | M65: 0 | N65: 0 | O65: 0 | P65: 0 | Q65: 0 | R65: 0 | S65: 0 | T65: 0 | U65: 0 | V65: 0 | W65: 0 | X65: =+AVERAGE(C65:W65) -> 0
B66: Depto.211 | C66: 0 | D66: 0 | E66: 0 | F66: 0 | G66: 0 | H66: 0 | I66: 0 | J66: 0 | K66: 0 | L66: 0 | M66: 0 | N66: 0 | O66: 0 | P66: 0 | Q66: 0 | R66: 0 | S66: 0 | T66: 0 | U66: 0 | V66: 0 | W66: 0 | X66: =+AVERAGE(C66:W66) -> 0
B67: Depto.212 | C67: 0 | D67: 0 | E67: 0 | F67: 0 | G67: 0 | H67: 0 | I67: 0 | J67: 0 | K67: 0 | L67: 0 | M67: 0 | N67: 0 | O67: 0 | P67: 0 | Q67: 0 | R67: 0 | S67: 0 | T67: 0 | U67: 0 | V67: 0 | W67: 0 | X67: =+AVERAGE(C67:W67) -> 0
B68: Depto.213 | C68: 0 | D68: 0 | E68: 0 | F68: 0 | G68: 0 | H68: 0 | I68: 0 | J68: 0 | K68: 0 | L68: 0 | M68: 0 | N68: 0 | O68: 0 | P68: 0 | Q68: 0 | R68: 0 | S68: 0 | T68: 0 | U68: 0 | V68: 0 | W68: 0 | X68: =+AVERAGE(C68:W68) -> 0
... B76: Depto.221 | C76: 0 | D76: 0 | E76: 0 | F76: 0 | G76: 0 | H76: 0 | I76: 0 | J76: 0 | K76: 0 | L76: 0 | M76: 0 | N76: 0 | O76: 0 | P76: 0 | Q76: 0 | R76: 0 | S76: 0 | T76: 0 | U76: 0 | V76: 0 | W76: 0 | X76: =+AVERAGE(C76:W76) -> 0
A77: GRAFICO DE AVANCE POR PARTIDA
A78: PORCENTAJE POR PARTIDA | C78: =+AVERAGE(C34:C76) -> 0 | D78: =+AVERAGE(D34:D76) -> 0 | E78: =+AVERAGE(E34:E76) -> 0 | F78: =+AVERAGE(F34:F76) -> 0 | G78: =+AVERAGE(G34:G76) -> 0 | H78: =+AVERAGE(H34:H76) -> 0 | I78: =+AVERAGE(I34:I76) -> 0 | J78: =+AVERAGE(J34:J76) -> 0 | ... W78: =+AVERAGE(W34:W76) -> 0
A79: AVANCE GENERAL PISO N° 2 | C79: =+AVERAGE(C78:W78) -> 0
A80: PISO N°3 A | B80: Depto.301 | C80: 0 | D80: 0 | E80: 0 | F80: 0 | G80: 0 | H80: 0 | I80: 0 | J80: 0 | K80: 0 | L80: 0 | M80: 0 | N80: 0 | O80: 0 | P80: 0 | Q80: 0 | R80: 0 | S80: 0 | T80: 0 | U80: 0 | V80: 0 | W80: 0 | X80: =+AVERAGE(C80:W80) -> 0
B81: Depto.302 | C81: 0 | D81: 0 | E81: 0 | F81: 0 | G81: 0 | H81: 0 | I81: 0 | J81: 0 | K81: 0 | L81: 0 | M81: 0 | N81: 0 | O81: 0 | P81: 0 | Q81: 0 | R81: 0 | S81: 0 | T81: 0 | U81: 0 | V81: 0 | W81: 0 | X81: =+AVERAGE(C81:W81) -> 0
B82: Depto.303 | C82: 0 | D82: 0 | E82: 0 | F82: 0 | G82: 0 | H82: 0 | I82: 0 | J82: 0 | K82: 0 | L82: 0 | M82: 0 | N82: 0 | O82: 0 | P82: 0 | Q82: 0 | R82: 0 | S82: 0 | T82: 0 | U82: 0 | V82: 0 | W82: 0 | X82: =+AVERAGE(C82:W82) -> 0
B83: Depto.304 | C83: 0 | D83: 0 | E83: 0 | F83: 0 | G83: 0 | H83: 0 | I83: 0 | J83: 0 | K83: 0 | L83: 0 | M83: 0 | N83: 0 | O83: 0 | P83: 0 | Q83: 0 | R83: 0 | S83: 0 | T83: 0 | U83: 0 | V83: 0 | W83: 0 | X83: =+AVERAGE(C83:W83) -> 0
B84: Depto.305 | C84: 0 | D84: 0 | E84: 0 | F84: 0 | G84: 0 | H84: 0 | I84: 0 | J84: 0 | K84: 0 | L84: 0 | M84: 0 | N84: 0 | O84: 0 | P84: 0 | Q84: 0 | R84: 0 | S84: 0 | T84: 0 | U84: 0 | V84: 0 | W84: 0 | X84: =+AVERAGE(C84:W84) -> 0
B85: Depto.306 | C85: 0 | D85: 0 | E85: 0 | F85: 0 | G85: 0 | H85: 0 | I85: 0 | J85: 0 | K85: 0 | L85: 0 | M85: 0 | N85: 0 | O85: 0 | P85: 0 | Q85: 0 | R85: 0 | S85: 0 | T85: 0 | U85: 0 | V85: 0 | W85: 0 | X85: =+AVERAGE(C85:W85) -> 0
B86: Depto.307 | C86: 0 | D86: 0 | E86: 0 | F86: 0 | G86: 0 | H86: 0 | I86: 0 | J86: 0 | K86: 0 | L86: 0 | M86: 0 | N86: 0 | O86: 0 | P86: 0 | Q86: 0 | R86: 0 | S86: 0 | T86: 0 | U86: 0 | V86: 0 | W86: 0 | X86: =+AVERAGE(C86:W86) -> 0
B87: Depto.308 | C87: 0 | D87: 0 | E87: 0 | F87: 0 | G87: 0 | H87: 0 | I87: 0 | J87: 0 | K87: 0 | L87: 0 | M87: 0 | N87: 0 | O87: 0 | P87: 0 | Q87: 0 | R87: 0 | S87: 0 | T87: 0 | U87: 0 | V87: 0 | W87: 0 | X87: =+AVERAGE(C87:W87) -> 0
B88: Depto.309 | C88: 0 | D88: 0 | E88: 0 | F88: 0 | G88: 0 | H88: 0 | I88: 0 | J88: 0 | K88: 0 | L88: 0 | M88: 0 | N88: 0 | O88: 0 | P88: 0 | Q88: 0 | R88: 0 | S88: 0 | T88: 0 | U88: 0 | V88: 0 | W88: 0 | X88: =+AVERAGE(C88:W88) -> 0
B89: Depto.310 | C89: 0 | D89: 0 | E89: 0 | F89: 0 | G89: 0 | H89: 0 | I89: 0 | J89: 0 | K89: 0 | L89: 0 | M89: 0 | N89: 0 | O89: 0 | P89: 0 | Q89: 0 | R89: 0 | S89: 0 | T89: 0 | U89: 0 | V89: 0 | W89: 0 | X89: =+AVERAGE(C89:W89) -> 0
B90: Depto.311 | C90: 0 | D90: 0 | E90: 0 | F90: 0 | G90: 0 | H90: 0 | I90: 0 | J90: 0 | K90: 0 | L90: 0 | M90: 0 | N90: 0 | O90: 0 | P90: 0 | Q90: 0 | R90: 0 | S90: 0 | T90: 0 | U90: 0 | V90: 0 | W90: 0 | X90: =+AVERAGE(C90:W90) -> 0
B91: Depto.312 | C91: 0 | D91: 0 | E91: 0 | F91: 0 | G91: 0 | H91: 0 | I91: 0 | J91: 0 | K91: 0 | L91: 0 | M91: 0 | N91: 0 | O91: 0 | P91: 0 | Q91: 0 | R91: 0 | S91: 0 | T91: 0 | U91: 0 | V91: 0 | W91: 0 | X91: =+AVERAGE(C91:W91) -> 0
B92: Depto.313 | C92: 0 | D92: 0 | E92: 0 | F92: 0 | G92: 0 | H92: 0 | I92: 0 | J92: 0 | K92: 0 | L92: 0 | M92: 0 | N92: 0 | O92: 0 | P92: 0 | Q92: 0 | R92: 0 | S92: 0 | T92: 0 | U92: 0 | V92: 0 | W92: 0 | X92: =+AVERAGE(C92:W92) -> 0
... B102: Depto.323 | C102: 0 | D102: 0 | E102: 0 | F102: 0 | G102: 0 | H102: 0 | I102: 0 | J102: 0 | K102: 0 | L102: 0 | M102: 0 | N102: 0 | O102: 0 | P102: 0 | Q102: 0 | R102: 0 | S102: 0 | T102: 0 | U102: 0 | V102: 0 | W102: 0 | X102: =+AVERAGE(C102:W102) -> 0
A103: PISO N°3 B | B103: Depto.301 | C103: 0 | D103: 0 | E103: 0 | F103: 0 | G103: 0 | H103: 0 | I103: 0 | J103: 0 | K103: 0 | L103: 0 | M103: 0 | N103: 0 | O103: 0 | P103: 0 | Q103: 0 | R103: 0 | S103: 0 | T103: 0 | U103: 0 | V103: 0 | W103: 0 | X103: =+AVERAGE(C103:W103) -> 0
B104: Depto.302 | C104: 0 | D104: 0 | E104: 0 | F104: 0 | G104: 0 | H104: 0 | I104: 0 | J104: 0 | K104: 0 | L104: 0 | M104: 0 | N104: 0 | O104: 0 | P104: 0 | Q104: 0 | R104: 0 | S104: 0 | T104: 0 | U104: 0 | V104: 0 | W104: 0 | X104: =+AVERAGE(C104:W104) -> 0
B105: Depto.303 | C105: 0 | D105: 0 | E105: 0 | F105: 0 | G105: 0 | H105: 0 | I105: 0 | J105: 0 | K105: 0 | L105: 0 | M105: 0 | N105: 0 | O105: 0 | P105: 0 | Q105: 0 | R105: 0 | S105: 0 | T105: 0 | U105: 0 | V105: 0 | W105: 0 | X105: =+AVERAGE(C105:W105) -> 0
B106: Depto.304 | C106: 0 | D106: 0 | E106: 0 | F106: 0 | G106: 0 | H106: 0 | I106: 0 | J106: 0 | K106: 0 | L106: 0 | M106: 0 | N106: 0 | O106: 0 | P106: 0 | Q106: 0 | R106: 0 | S106: 0 | T106: 0 | U106: 0 | V106: 0 | W106: 0 | X106: =+AVERAGE(C106:W106) -> 0
B107: Depto.305 | C107: 0 | D107: 0 | E107: 0 | F107: 0 | G107: 0 | H107: 0 | I107: 0 | J107: 0 | K107: 0 | L107: 0 | M107: 0 | N107: 0 | O107: 0 | P107: 0 | Q107: 0 | R107: 0 | S107: 0 | T107: 0 | U107: 0 | V107: 0 | W107: 0 | X107: =+AVERAGE(C107:W107) -> 0
B108: Depto.306 | C108: 0 | D108: 0 | E108: 0 | F108: 0 | G108: 0 | H108: 0 | I108: 0 | J108: 0 | K108: 0 | L108: 0 | M108: 0 | N108: 0 | O108: 0 | P108: 0 | Q108: 0 | R108: 0 | S108: 0 | T108: 0 | U108: 0 | V108: 0 | W108: 0 | X108: =+AVERAGE(C108:W108) -> 0
B109: Depto.307 | C109: 0 | D109: 0 | E109: 0 | F109: 0 | G109: 0 | H109: 0 | I109: 0 | J109: 0 | K109: 0 | L109: 0 | M109: 0 | N109: 0 | O109: 0 | P109: 0 | Q109: 0 | R109: 0 | S109: 0 | T109: 0 | U109: 0 | V109: 0 | W109: 0 | X109: =+AVERAGE(C109:W109) -> 0
B110: Depto.308 | C110: 0 | D110: 0 | E110: 0 | F110: 0 | G110: 0 | H110: 0 | I110: 0 | J110: 0 | K110: 0 | L110: 0 | M110: 0 | N110: 0 | O110: 0 | P110: 0 | Q110: 0 | R110: 0 | S110: 0 | T110: 0 | U110: 0 | V110: 0 | W110: 0 | X110: =+AVERAGE(C110:W110) -> 0
B111: Depto.309 | C111: 0 | D111: 0 | E111: 0 | F111: 0 | G111: 0 | H111: 0 | I111: 0 | J111: 0 | K111: 0 | L111: 0 | M111: 0 | N111: 0 | O111: 0 | P111: 0 | Q111: 0 | R111: 0 | S111: 0 | T111: 0 | U111: 0 | V111: 0 | W111: 0 | X111: =+AVERAGE(C111:W111) -> 0
B112: Depto.310 | C112: 0 | D112: 0 | E112: 0 | F112: 0 | G112: 0 | H112: 0 | I112: 0 | J112: 0 | K112: 0 | L112: 0 | M112: 0 | N112: 0 | O112: 0 | P112: 0 | Q112: 0 | R112: 0 | S112: 0 | T112: 0 | U112: 0 | V112: 0 | W112: 0 | X112: =+AVERAGE(C112:W112) -> 0
B113: Depto.311 | C113: 0 | D113: 0 | E113: 0 | F113: 0 | G113: 0 | H113: 0 | I113: 0 | J113: 0 | K113: 0 | L113: 0 | M113: 0 | N113: 0 | O113: 0 | P113: 0 | Q113: 0 | R113: 0 | S113: 0 | T113: 0 | U113: 0 | V113: 0 | W113: 0 | X113: =+AVERAGE(C113:W113) -> 0
B114: Depto.312 | C114: 0 | D114: 0 | E114: 0 | F114: 0 | G114: 0 | H114: 0 | I114: 0 | J114: 0 | K114: 0 | L114: 0 | M114: 0 | N114: 0 | O114: 0 | P114: 0 | Q114: 0 | R114: 0 | S114: 0 | T114: 0 | U114: 0 | V114: 0 | W114: 0 | X114: =+AVERAGE(C114:W114) -> 0
B115: Depto.313 | C115: 0 | D115: 0 | E115: 0 | F115: 0 | G115: 0 | H115: 0 | I115: 0 | J115: 0 | K115: 0 | L115: 0 | M115: 0 | N115: 0 | O115: 0 | P115: 0 | Q115: 0 | R115: 0 | S115: 0 | T115: 0 | U115: 0 | V115: 0 | W115: 0 | X115: =+AVERAGE(C115:W115) -> 0
... B123: Depto.321 | C123: 0 | D123: 0 | E123: 0 | F123: 0 | G123: 0 | H123: 0 | I123: 0 | J123: 0 | K123: 0 | L123: 0 | M123: 0 | N123: 0 | O123: 0 | P123: 0 | Q123: 0 | R123: 0 | S123: 0 | T123: 0 | U123: 0 | V123: 0 | W123: 0 | X123: =+AVERAGE(C123:W123) -> 0
A124: GRAFICO DE AVANCE POR PARTIDA
A125: PORCENTAJE POR PARTIDA | C125: =+AVERAGE(C80:C123) -> 0 | D125: =+AVERAGE(D80:D123) -> 0 | E125: =+AVERAGE(E80:E123) -> 0 | F125: =+AVERAGE(F80:F123) -> 0 | G125: =+AVERAGE(G80:G123) -> 0 | H125: =+AVERAGE(H80:H123) -> 0 | I125: =+AVERAGE(I80:I123) -> 0 | J125: =+AVERAGE(J80:J123) -> 0 | ... W125: =+AVERAGE(W80:W123) -> 0
A126: AVANCE GENERAL PISO N° 3 | C126: =+AVERAGE(C125:W125) -> 0
A127: PISO N°4 A | B127: Depto.401 | C127: 0 | D127: 0 | E127: 0 | F127: 0 | G127: 0 | H127: 0 | I127: 0 | J127: 0 | K127: 0 | L127: 0 | M127: 0 | N127: 0 | O127: 0 | P127: 0 | Q127: 0 | R127: 0 | S127: 0 | T127: 0 | U127: 0 | V127: 0 | W127: 0 | X127: =+AVERAGE(C127:W127) -> 0
B128: Depto.402 | C128: 0 | D128: 0 | E128: 0 | F128: 0 | G128: 0 | H128: 0 | I128: 0 | J128: 0 | K128: 0 | L128: 0 | M128: 0 | N128: 0 | O128: 0 | P128: 0 | Q128: 0 | R128: 0 | S128: 0 | T128: 0 | U128: 0 | V128: 0 | W128: 0 | X128: =+AVERAGE(C128:W128) -> 0
B129: Depto.403 | C129: 0 | D129: 0 | E129: 0 | F129: 0 | G129: 0 | H129: 0 | I129: 0 | J129: 0 | K129: 0 | L129: 0 | M129: 0 | N129: 0 | O129: 0 | P129: 0 | Q129: 0 | R129: 0 | S129: 0 | T129: 0 | U129: 0 | V129: 0 | W129: 0 | X129: =+AVERAGE(C129:W129) -> 0
B130: Depto.404 | C130: 0 | D130: 0 | E130: 0 | F130: 0 | G130: 0 | H130: 0 | I130: 0 | J130: 0 | K130: 0 | L130: 0 | M130: 0 | N130: 0 | O130: 0 | P130: 0 | Q130: 0 | R130: 0 | S130: 0 | T130: 0 | U130: 0 | V130: 0 | W130: 0 | X130: =+AVERAGE(C130:W130) -> 0
B131: Depto.405 | C131: 0 | D131: 0 | E131: 0 | F131: 0 | G131: 0 | H131: 0 | I131: 0 | J131: 0 | K131: 0 | L131: 0 | M131: 0 | N131: 0 | O131: 0 | P131: 0 | Q131: 0 | R131: 0 | S131: 0 | T131: 0 | U131: 0 | V131: 0 | W131: 0 | X131: =+AVERAGE(C131:W131) -> 0
B132: Depto.406 | C132: 0 | D132: 0 | E132: 0 | F132: 0 | G132: 0 | H132: 0 | I132: 0 | J132: 0 | K132: 0 | L132: 0 | M132: 0 | N132: 0 | O132: 0 | P132: 0 | Q132: 0 | R132: 0 | S132: 0 | T132: 0 | U132: 0 | V132: 0 | W132: 0 | X132: =+AVERAGE(C132:W132) -> 0
B133: Depto.407 | C133: 0 | D133: 0 | E133: 0 | F133: 0 | G133: 0 | H133: 0 | I133: 0 | J133: 0 | K133: 0 | L133: 0 | M133: 0 | N133: 0 | O133: 0 | P133: 0 | Q133: 0 | R133: 0 | S133: 0 | T133: 0 | U133: 0 | V133: 0 | W133: 0 | X133: =+AVERAGE(C133:W133) -> 0
B134: Depto.408 | C134: 0 | D134: 0 | E134: 0 | F134: 0 | G134: 0 | H134: 0 | I134: 0 | J134: 0 | K134: 0 | L134: 0 | M134: 0 | N134: 0 | O134: 0 | P134: 0 | Q134: 0 | R134: 0 | S134: 0 | T134: 0 | U134: 0 | V134: 0 | W134: 0 | X134: =+AVERAGE(C134:W134) -> 0
B135: Depto.409 | C135: 0 | D135: 0 | E135: 0 | F135: 0 | G135: 0 | H135: 0 | I135: 0 | J135: 0 | K135: 0 | L135: 0 | M135: 0 | N135: 0 | O135: 0 | P135: 0 | Q135: 0 | R135: 0 | S135: 0 | T135: 0 | U135: 0 | V135: 0 | W135: 0 | X135: =+AVERAGE(C135:W135) -> 0
B136: Depto.410 | C136: 0 | D136: 0 | E136: 0 | F136: 0 | G136: 0 | H136: 0 | I136: 0 | J136: 0 | K136: 0 | L136: 0 | M136: 0 | N136: 0 | O136: 0 | P136: 0 | Q136: 0 | R136: 0 | S136: 0 | T136: 0 | U136: 0 | V136: 0 | W136: 0 | X136: =+AVERAGE(C136:W136) -> 0
B137: Depto.411 | C137: 0 | D137: 0 | E137: 0 | F137: 0 | G137: 0 | H137: 0 | I137: 0 | J137: 0 | K137: 0 | L137: 0 | M137: 0 | N137: 0 | O137: 0 | P137: 0 | Q137: 0 | R137: 0 | S137: 0 | T137: 0 | U137: 0 | V137: 0 | W137: 0 | X137: =+AVERAGE(C137:W137) -> 0
B138: Depto.412 | C138: 0 | D138: 0 | E138: 0 | F138: 0 | G138: 0 | H138: 0 | I138: 0 | J138: 0 | K138: 0 | L138: 0 | M138: 0 | N138: 0 | O138: 0 | P138: 0 | Q138: 0 | R138: 0 | S138: 0 | T138: 0 | U138: 0 | V138: 0 | W138: 0 | X138: =+AVERAGE(C138:W138) -> 0
B139: Depto.413 | C139: 0 | D139: 0 | E139: 0 | F139: 0 | G139: 0 | H139: 0 | I139: 0 | J139: 0 | K139: 0 | L139: 0 | M139: 0 | N139: 0 | O139: 0 | P139: 0 | Q139: 0 | R139: 0 | S139: 0 | T139: 0 | U139: 0 | V139: 0 | W139: 0 | X139: =+AVERAGE(C139:W139) -> 0
... B149: Depto.423 | C149: 0 | D149: 0 | E149: 0 | F149: 0 | G149: 0 | H149: 0 | I149: 0 | J149: 0 | K149: 0 | L149: 0 | M149: 0 | N149: 0 | O149: 0 | P149: 0 | Q149: 0 | R149: 0 | S149: 0 | T149: 0 | U149: 0 | V149: 0 | W149: 0 | X149: =+AVERAGE(C149:W149) -> 0
A150: PISO N°4 B | B150: Depto.401 | C150: 0 | D150: 0 | E150: 0 | F150: 0 | G150: 0 | H150: 0 | I150: 0 | J150: 0 | K150: 0 | L150: 0 | M150: 0 | N150: 0 | O150: 0 | P150: 0 | Q150: 0 | R150: 0 | S150: 0 | T150: 0 | U150: 0 | V150: 0 | W150: 0 | X150: =+AVERAGE(C150:W150) -> 0
B151: Depto.402 | C151: 0 | D151: 0 | E151: 0 | F151: 0 | G151: 0 | H151: 0 | I151: 0 | J151: 0 | K151: 0 | L151: 0 | M151: 0 | N151: 0 | O151: 0 | P151: 0 | Q151: 0 | R151: 0 | S151: 0 | T151: 0 | U151: 0 | V151: 0 | W151: 0 | X151: =+AVERAGE(C151:W151) -> 0
...

Sheet FASE 2  
R1: Avance General
C2: CONTROL AVANCE FASE 2 SAN FRANCISCO 211
P3: Cantidad de Deptos. | Q3: 359 | R3: =+AVERAGE(C33,C79,C126,C173,C220,C267,C314,C361,C405) -> 0.013179012
C5: 1 | D5: 2 | E5: 3 | F5: 4 | G5: 5 | H5: 6 | I5: 7 | J5: 8 | K5: 9 | L5: 10 | M5: 11 | N5: 12 | O5: 13 | P5: 14 | Q5: 15
B6: Deptos. | C6: Huinchas tabiques | D6: Instalación Marco Puerta Acceso | E6: Marcos Puertas Interiores | F6: Impermeabilizacion Baños | G6: Impermeabilizacion Terrazas | H6: Preparación de Pisos | I6: Instalacion de tina/Receptaculo | J6: Protección Tina/receptaculo | K6: Faldon de tina. | L6: Instalación Ventana | M6: Ceramica Pisos | N6: Ceramica Muros | O6: Instalación de Gargolas en Terraza | P6: Frague | Q6: Cerámica de Terrazas | R6: Avance Real x Piso
A7: PISO N° 1 | B7: DEPTO 102 | C7: 0 | D7: 0 | E7: 0 | F7: 0.8 | G7: 0 | H7: 0.9 | I7: 0 | J7: 0 | K7: 0 | L7: 0 | M7: 0 | N7: 0 | O7: 0 | P7: 0 | Q7: 0 | R7: =+AVERAGE(P7:Q7,C7:N7) -> 0.12142857
B8: DEPTO 103 | C8: 0 | D8: 0 | E8: 0 | F8: 0.8 | G8: 1 | H8: 0.9 | I8: 0 | J8: 0 | K8: 0 | L8: 0 | M8: 0 | N8: 0 | O8: 0 | P8: 0 | Q8: 1 | R8: =+AVERAGE(P8:Q8,C8:N8) -> 0.26428571
B9: DEPTO 104 | C9: 0 | D9: 0 | E9: 0 | F9: 0.8 | G9: 1 | H9: 0.9 | I9: 0 | J9: 0 | K9: 0 | L9: 0 | M9: 0 | N9: 0 | O9: 0 | P9: 0 | Q9: 1 | R9: =+AVERAGE(P9:Q9,C9:N9) -> 0.26428571
B10: DEPTO 105 | C10: 0 | D10: 0 | E10: 0 | F10: 0.8 | G10: 0 | H10: 0.9 | I10: 0 | J10: 0 | K10: 0 | L10: 0 | M10: 0 | N10: 0 | O10: 0 | P10: 0 | Q10: 0 | R10: =+AVERAGE(P10:Q10,C10:N10) -> 0.12142857
B11: DEPTO 106 | C11: 0 | D11: 0 | E11: 0 | F11: 0.8 | G11: 0 | H11: 0.9 | I11: 0 | J11: 0 | K11: 0 | L11: 0 | M11: 0 | N11: 0 | O11: 0 | P11: 0 | Q11: 0 | R11: =+AVERAGE(P11:Q11,C11:N11) -> 0.12142857
B12: DEPTO 107 | C12: 0 | D12: 0 | E12: 0 | F12: 0.8 | G12: 0 | H12: 0.9 | I12: 0 | J12: 0 | K12: 0 | L12: 0 | M12: 0 | N12: 0 | O12: 0 | P12: 0 | Q12: 0 | R12: =+AVERAGE(P12:Q12,C12:N12) -> 0.12142857
B13: DEPTO 108 | C13: 0 | D13: 0 | E13: 0 | F13: 0 | G13: 0 | H13: 0.9 | I13: 0 | J13: 0 | K13: 0 | L13: 0 | M13: 0 | N13: 0 | O13: 0 | P13: 0 | Q13: 0 | R13: =+AVERAGE(P13:Q13,C13:N13) -> 0.064285714
B14: DEPTO 118 | C14: 0 | D14: 0 | E14: 0 | F14: 0 | G14: 0 | H14: 0 | I14: 0 | J14: 0 | K14: 0 | L14: 0 | M14: 0 | N14: 0 | O14: 0 | P14: 0 | Q14: 0 | R14: =+AVERAGE(P14:Q14,C14:N14) -> 0
B15: DEPTO 119 | C15: 0 | D15: 0 | E15: 0 | F15: 0 | G15: 0 | H15: 0 | I15: 0 | J15: 0 | K15: 0 | L15: 0 | M15: 0 | N15: 0 | O15: 0 | P15: 0 | Q15: 0 | R15: =+AVERAGE(P15:Q15,C15:N15) -> 0
B16: DEPTO 120 | C16: 1 | D16: 1 | E16: 1 | F16: 1 | G16: 1 | H16: 1 | I16: 1 | J16: 1 | K16: 1 | L16: 1 | M16: 0 | N16: 0 | O16: 0 | P16: 0 | Q16: 1 | R16: =+AVERAGE(P16:Q16,C16:N16) -> 0.78571429
B17: DEPTO 121 | C17: 1 | D17: 1 | E17: 1 | F17: 1 | G17: 1 | H17: 1 | I17: 1 | J17: 1 | K17: 1 | L17: 1 | M17: 1 | N17: 1 | O17: 0 | P17: 1 | Q17: 0 | R17: =+AVERAGE(P17:Q17,C17:N17) -> 0.92857143
B18: LOCAL 1 | C18: 0 | D18: 0 | E18: 0 | F18: 0 | G18: 0 | H18: 0 | I18: 0 | J18: 0 | K18: 0 | L18: 0 | M18: 0 | N18: 0 | O18: 0 | P18: 0 | Q18: 0 | R18: =+AVERAGE(P18:Q18,C18:N18) -> 0
B19: LOCAL 2 | C19: 0 | D19: 0 | E19: 0 | F19: 0 | G19: 0 | H19: 0 | I19: 0 | J19: 0 | K19: 0 | L19: 0 | M19: 0 | N19: 0 | O19: 0 | P19: 0 | Q19: 0 | R19: =+AVERAGE(P19:Q19,C19:N19) -> 0
... B30: SALON GOURMET 2 | C30: 0 | D30: 0 | E30: 0 | F30: 0 | G30: 0 | H30: 0 | I30: 0 | J30: 0 | K30: 0 | L30: 0 | M30: 0 | N30: 0 | O30: 0 | P30: 0 | Q30: 0 | R30: =+AVERAGE(P30:Q30,C30:N30) -> 0
A31: GRAFICO DE AVANCE POR PARTIDA
A32: PORCENTAJE POR PARTIDA | C32: =+AVERAGE(C7:C30) -> 0.15 | D32: =+AVERAGE(D7:D30) -> 0.083333333 | E32: =+AVERAGE(E7:E30) -> 0.083333333 | F32: =+AVERAGE(F7:F30) -> 0.36666667 | G32: =+AVERAGE(G7:G30) -> 0.16666667 | H32: =+AVERAGE(H7:H30) -> 0.34583333 | I32: =+AVERAGE(I7:I30) -> 0.083333333 | J32: =+AVERAGE(J7:J30) -> 0.083333333 | ... Q32: =+AVERAGE(Q7:Q30) -> 0.125
A33: AVANCE GENERAL PISO N° 1 | C33: =+AVERAGE(C32:Q32) -> 0.11861111
A34: PISO N° 2 A | B34: Depto 202 | C34: 0 | D34: 0 | E34: 0 | F34: 0 | G34: 0 | H34: 0 | I34: 0 | J34: 0 | K34: 0 | L34: 0 | M34: 0 | N34: 0 | O34: 0 | P34: 0 | Q34: 0 | R34: =+AVERAGE(C34:Q34) -> 0
B35: Depto.203 | C35: 0 | D35: 0 | E35: 0 | F35: 0 | G35: 0 | H35: 0 | I35: 0 | J35: 0 | K35: 0 | L35: 0 | M35: 0 | N35: 0 | O35: 0 | P35: 0 | Q35: 0 | R35: =+AVERAGE(C35:Q35) -> 0
B36: Depto.204 | C36: 0 | D36: 0 | E36: 0 | F36: 0 | G36: 0 | H36: 0 | I36: 0 | J36: 0 | K36: 0 | L36: 0 | M36: 0 | N36: 0 | O36: 0 | P36: 0 | Q36: 0 | R36: =+AVERAGE(C36:Q36) -> 0
B37: Depto.205 | C37: 0 | D37: 0 | E37: 0 | F37: 0 | G37: 0 | H37: 0 | I37: 0 | J37: 0 | K37: 0 | L37: 0 | M37: 0 | N37: 0 | O37: 0 | P37: 0 | Q37: 0 | R37: =+AVERAGE(C37:Q37) -> 0
B38: Depto.206 | C38: 0 | D38: 0 | E38: 0 | F38: 0 | G38: 0 | H38: 0 | I38: 0 | J38: 0 | K38: 0 | L38: 0 | M38: 0 | N38: 0 | O38: 0 | P38: 0 | Q38: 0 | R38: =+AVERAGE(C38:Q38) -> 0
B39: Depto.207 | C39: 0 | D39: 0 | E39: 0 | F39: 0 | G39: 0 | H39: 0 | I39: 0 | J39: 0 | K39: 0 | L39: 0 | M39: 0 | N39: 0 | O39: 0 | P39: 0 | Q39: 0 | R39: =+AVERAGE(C39:Q39) -> 0
B40: Depto.208 | C40: 0 | D40: 0 | E40: 0 | F40: 0 | G40: 0 | H40: 0 | I40: 0 | J40: 0 | K40: 0 | L40: 0 | M40: 0 | N40: 0 | O40: 0 | P40: 0 | Q40: 0 | R40: =+AVERAGE(C40:Q40) -> 0
B41: Depto.209 | C41: 0 | D41: 0 | E41: 0 | F41: 0 | G41: 0 | H41: 0 | I41: 0 | J41: 0 | K41: 0 | L41: 0 | M41: 0 | N41: 0 | O41: 0 | P41: 0 | Q41: 0 | R41: =+AVERAGE(C41:Q41) -> 0
B42: Depto.210 | C42: 0 | D42: 0 | E42: 0 | F42: 0 | G42: 0 | H42: 0 | I42: 0 | J42: 0 | K42: 0 | L42: 0 | M42: 0 | N42: 0 | O42: 0 | P42: 0 | Q42: 0 | R42: =+AVERAGE(C42:Q42) -> 0
B43: Depto.211 | C43: 0 | D43: 0 | E43: 0 | F43: 0 | G43: 0 | H43: 0 | I43: 0 | J43: 0 | K43: 0 | L43: 0 | M43: 0 | N43: 0 | O43: 0 | P43: 0 | Q43: 0 | R43: =+AVERAGE(C43:Q43) -> 0
B44: Depto.212 | C44: 0 | D44: 0 | E44: 0 | F44: 0 | G44: 0 | H44: 0 | I44: 0 | J44: 0 | K44: 0 | L44: 0 | M44: 0 | N44: 0 | O44: 0 | P44: 0 | Q44: 0 | R44: =+AVERAGE(C44:Q44) -> 0
B45: Depto.213 | C45: 0 | D45: 0 | E45: 0 | F45: 0 | G45: 0 | H45: 0 | I45: 0 | J45: 0 | K45: 0 | L45: 0 | M45: 0 | N45: 0 | O45: 0 | P45: 0 | Q45: 0 | R45: =+AVERAGE(C45:Q45) -> 0
B46: Depto.214 | C46: 0 | D46: 0 | E46: 0 | F46: 0 | G46: 0 | H46: 0 | I46: 0 | J46: 0 | K46: 0 | L46: 0 | M46: 0 | N46: 0 | O46: 0 | P46: 0 | Q46: 0 | R46: =+AVERAGE(C46:Q46) -> 0
... B55: Depto.223 | C55: 0 | D55: 0 | E55: 0 | F55: 0 | G55: 0 | H55: 0 | I55: 0 | J55: 0 | K55: 0 | L55: 0 | M55: 0 | N55: 0 | O55: 0 | P55: 0 | Q55: 0 | R55: =+AVERAGE(C55:Q55) -> 0
A56: PISO N° 2 B | B56: Depto.201 | C56: 0 | D56: 0 | E56: 0 | F56: 0 | G56: 0 | H56: 0 | I56: 0 | J56: 0 | K56: 0 | L56: 0 | M56: 0 | N56: 0 | O56: 0 | P56: 0 | Q56: 0 | R56: =+AVERAGE(C56:Q56) -> 0
B57: Depto.202 | C57: 0 | D57: 0 | E57: 0 | F57: 0 | G57: 0 | H57: 0 | I57: 0 | J57: 0 | K57: 0 | L57: 0 | M57: 0 | N57: 0 | O57: 0 | P57: 0 | Q57: 0 | R57: =+AVERAGE(C57:Q57) -> 0
B58: Depto.203 | C58: 0 | D58: 0 | E58: 0 | F58: 0 | G58: 0 | H58: 0 | I58: 0 | J58: 0 | K58: 0 | L58: 0 | M58: 0 | N58: 0 | O58: 0 | P58: 0 | Q58: 0 | R58: =+AVERAGE(C58:Q58) -> 0
B59: Depto.204 | C59: 0 | D59: 0 | E59: 0 | F59: 0 | G59: 0 | H59: 0 | I59: 0 | J59: 0 | K59: 0 | L59: 0 | M59: 0 | N59: 0 | O59: 0 | P59: 0 | Q59: 0 | R59: =+AVERAGE(C59:Q59) -> 0
B60: Depto.205 | C60: 0 | D60: 0 | E60: 0 | F60: 0 | G60: 0 | H60: 0 | I60: 0 | J60: 0 | K60: 0 | L60: 0 | M60: 0 | N60: 0 | O60: 0 | P60: 0 | Q60: 0 | R60: =+AVERAGE(C60:Q60) -> 0
B61: Depto.206 | C61: 0 | D61: 0 | E61: 0 | F61: 0 | G61: 0 | H61: 0 | I61: 0 | J61: 0 | K61: 0 | L61: 0 | M61: 0 | N61: 0 | O61: 0 | P61: 0 | Q61: 0 | R61: =+AVERAGE(C61:Q61) -> 0
B62: Depto.207 | C62: 0 | D62: 0 | E62: 0 | F62: 0 | G62: 0 | H62: 0 | I62: 0 | J62: 0 | K62: 0 | L62: 0 | M62: 0 | N62: 0 | O62: 0 | P62: 0 | Q62: 0 | R62: =+AVERAGE(C62:Q62) -> 0
B63: Depto.208 | C63: 0 | D63: 0 | E63: 0 | F63: 0 | G63: 0 | H63: 0 | I63: 0 | J63: 0 | K63: 0 | L63: 0 | M63: 0 | N63: 0 | O63: 0 | P63: 0 | Q63: 0 | R63: =+AVERAGE(C63:Q63) -> 0
B64: Depto.209 | C64: 0 | D64: 0 | E64: 0 | F64: 0 | G64: 0 | H64: 0 | I64: 0 | J64: 0 | K64: 0 | L64: 0 | M64: 0 | N64: 0 | O64: 0 | P64: 0 | Q64: 0 | R64: =+AVERAGE(C64:Q64) -> 0
B65: Depto.210 | C65: 0 | D65: 0 | E65: 0 | F65: 0 | G65: 0 | H65: 0 | I65: 0 | J65: 0 | K65: 0 | L65: 0 | M65: 0 | N65: 0 | O65: 0 | P65: 0 | Q65: 0 | R65: =+AVERAGE(C65:Q65) -> 0
B66: Depto.211 | C66: 0 | D66: 0 | E66: 0 | F66: 0 | G66: 0 | H66: 0 | I66: 0 | J66: 0 | K66: 0 | L66: 0 | M66: 0 | N66: 0 | O66: 0 | P66: 0 | Q66: 0 | R66: =+AVERAGE(C66:Q66) -> 0
B67: Depto.212 | C67: 0 | D67: 0 | E67: 0 | F67: 0 | G67: 0 | H67: 0 | I67: 0 | J67: 0 | K67: 0 | L67: 0 | M67: 0 | N67: 0 | O67: 0 | P67: 0 | Q67: 0 | R67: =+AVERAGE(C67:Q67) -> 0
B68: Depto.213 | C68: 0 | D68: 0 | E68: 0 | F68: 0 | G68: 0 | H68: 0 | I68: 0 | J68: 0 | K68: 0 | L68: 0 | M68: 0 | N68: 0 | O68: 0 | P68: 0 | Q68: 0 | R68: =+AVERAGE(C68:Q68) -> 0
... B76: Depto.221 | C76: 0 | D76: 0 | E76: 0 | F76: 0 | G76: 0 | H76: 0 | I76: 0 | J76: 0 | K76: 0 | L76: 0 | M76: 0 | N76: 0 | O76: 0 | P76: 0 | Q76: 0 | R76: =+AVERAGE(C76:Q76) -> 0
A77: GRAFICO DE AVANCE POR PARTIDA
A78: PORCENTAJE POR PARTIDA | C78: =+AVERAGE(C34:C76) -> 0 | D78: =+AVERAGE(D34:D76) -> 0 | E78: =+AVERAGE(E34:E76) -> 0 | F78: =+AVERAGE(F34:F76) -> 0 | G78: =+AVERAGE(G34:G76) -> 0 | H78: =+AVERAGE(H34:H76) -> 0 | I78: =+AVERAGE(I34:I76) -> 0 | J78: =+AVERAGE(J34:J76) -> 0 | ... Q78: =+AVERAGE(Q34:Q76) -> 0
A79: AVANCE GENERAL PISO N° 2 | C79: =+AVERAGE(C78:Q78) -> 0
A80: PISO N°3 A | B80: Depto.301 | C80: 0 | D80: 0 | E80: 0 | F80: 0 | G80: 0 | H80: 0 | I80: 0 | J80: 0 | K80: 0 | L80: 0 | M80: 0 | N80: 0 | O80: 0 | P80: 0 | Q80: 0 | R80: =+AVERAGE(C80:Q80) -> 0
B81: Depto.302 | C81: 0 | D81: 0 | E81: 0 | F81: 0 | G81: 0 | H81: 0 | I81: 0 | J81: 0 | K81: 0 | L81: 0 | M81: 0 | N81: 0 | O81: 0 | P81: 0 | Q81: 0 | R81: =+AVERAGE(C81:Q81) -> 0
B82: Depto.303 | C82: 0 | D82: 0 | E82: 0 | F82: 0 | G82: 0 | H82: 0 | I82: 0 | J82: 0 | K82: 0 | L82: 0 | M82: 0 | N82: 0 | O82: 0 | P82: 0 | Q82: 0 | R82: =+AVERAGE(C82:Q82) -> 0
B83: Depto.304 | C83: 0 | D83: 0 | E83: 0 | F83: 0 | G83: 0 | H83: 0 | I83: 0 | J83: 0 | K83: 0 | L83: 0 | M83: 0 | N83: 0 | O83: 0 | P83: 0 | Q83: 0 | R83: =+AVERAGE(C83:Q83) -> 0
B84: Depto.305 | C84: 0 | D84: 0 | E84: 0 | F84: 0 | G84: 0 | H84: 0 | I84: 0 | J84: 0 | K84: 0 | L84: 0 | M84: 0 | N84: 0 | O84: 0 | P84: 0 | Q84: 0 | R84: =+AVERAGE(C84:Q84) -> 0
B85: Depto.306 | C85: 0 | D85: 0 | E85: 0 | F85: 0 | G85: 0 | H85: 0 | I85: 0 | J85: 0 | K85: 0 | L85: 0 | M85: 0 | N85: 0 | O85: 0 | P85: 0 | Q85: 0 | R85: =+AVERAGE(C85:Q85) -> 0
B86: Depto.307 | C86: 0 | D86: 0 | E86: 0 | F86: 0 | G86: 0 | H86: 0 | I86: 0 | J86: 0 | K86: 0 | L86: 0 | M86: 0 | N86: 0 | O86: 0 | P86: 0 | Q86: 0 | R86: =+AVERAGE(C86:Q86) -> 0
B87: Depto.308 | C87: 0 | D87: 0 | E87: 0 | F87: 0 | G87: 0 | H87: 0 | I87: 0 | J87: 0 | K87: 0 | L87: 0 | M87: 0 | N87: 0 | O87: 0 | P87: 0 | Q87: 0 | R87: =+AVERAGE(C87:Q87) -> 0
B88: Depto.309 | C88: 0 | D88: 0 | E88: 0 | F88: 0 | G88: 0 | H88: 0 | I88: 0 | J88: 0 | K88: 0 | L88: 0 | M88: 0 | N88: 0 | O88: 0 | P88: 0 | Q88: 0 | R88: =+AVERAGE(C88:Q88) -> 0
B89: Depto.310 | C89: 0 | D89: 0 | E89: 0 | F89: 0 | G89: 0 | H89: 0 | I89: 0 | J89: 0 | K89: 0 | L89: 0 | M89: 0 | N89: 0 | O89: 0 | P89: 0 | Q89: 0 | R89: =+AVERAGE(C89:Q89) -> 0
B90: Depto.311 | C90: 0 | D90: 0 | E90: 0 | F90: 0 | G90: 0 | H90: 0 | I90: 0 | J90: 0 | K90: 0 | L90: 0 | M90: 0 | N90: 0 | O90: 0 | P90: 0 | Q90: 0 | R90: =+AVERAGE(C90:Q90) -> 0
B91: Depto.312 | C91: 0 | D91: 0 | E91: 0 | F91: 0 | G91: 0 | H91: 0 | I91: 0 | J91: 0 | K91: 0 | L91: 0 | M91: 0 | N91: 0 | O91: 0 | P91: 0 | Q91: 0 | R91: =+AVERAGE(C91:Q91) -> 0
B92: Depto.313 | C92: 0 | D92: 0 | E92: 0 | F92: 0 | G92: 0 | H92: 0 | I92: 0 | J92: 0 | K92: 0 | L92: 0 | M92: 0 | N92: 0 | O92: 0 | P92: 0 | Q92: 0 | R92: =+AVERAGE(C92:Q92) -> 0
... B102: Depto.323 | C102: 0 | D102: 0 | E102: 0 | F102: 0 | G102: 0 | H102: 0 | I102: 0 | J102: 0 | K102: 0 | L102: 0 | M102: 0 | N102: 0 | O102: 0 | P102: 0 | Q102: 0 | R102: =+AVERAGE(C102:Q102) -> 0
A103: PISO N°3 B | B103: Depto.301 | C103: 0 | D103: 0 | E103: 0 | F103: 0 | G103: 0 | H103: 0 | I103: 0 | J103: 0 | K103: 0 | L103: 0 | M103: 0 | N103: 0 | O103: 0 | P103: 0 | Q103: 0 | R103: =+AVERAGE(C103:Q103) -> 0
B104: Depto.302 | C104: 0 | D104: 0 | E104: 0 | F104: 0 | G104: 0 | H104: 0 | I104: 0 | J104: 0 | K104: 0 | L104: 0 | M104: 0 | N104: 0 | O104: 0 | P104: 0 | Q104: 0 | R104: =+AVERAGE(C104:Q104) -> 0
B105: Depto.303 | C105: 0 | D105: 0 | E105: 0 | F105: 0 | G105: 0 | H105: 0 | I105: 0 | J105: 0 | K105: 0 | L105: 0 | M105: 0 | N105: 0 | O105: 0 | P105: 0 | Q105: 0 | R105: =+AVERAGE(C105:Q105) -> 0
B106: Depto.304 | C106: 0 | D106: 0 | E106: 0 | F106: 0 | G106: 0 | H106: 0 | I106: 0 | J106: 0 | K106: 0 | L106: 0 | M106: 0 | N106: 0 | O106: 0 | P106: 0 | Q106: 0 | R106: =+AVERAGE(C106:Q106) -> 0
B107: Depto.305 | C107: 0 | D107: 0 | E107: 0 | F107: 0 | G107: 0 | H107: 0 | I107: 0 | J107: 0 | K107: 0 | L107: 0 | M107: 0 | N107: 0 | O107: 0 | P107: 0 | Q107: 0 | R107: =+AVERAGE(C107:Q107) -> 0
B108: Depto.306 | C108: 0 | D108: 0 | E108: 0 | F108: 0 | G108: 0 | H108: 0 | I108: 0 | J108: 0 | K108: 0 | L108: 0 | M108: 0 | N108: 0 | O108: 0 | P108: 0 | Q108: 0 | R108: =+AVERAGE(C108:Q108) -> 0
B109: Depto.307 | C109: 0 | D109: 0 | E109: 0 | F109: 0 | G109: 0 | H109: 0 | I109: 0 | J109: 0 | K109: 0 | L109: 0 | M109: 0 | N109: 0 | O109: 0 | P109: 0 | Q109: 0 | R109: =+AVERAGE(C109:Q109) -> 0
B110: Depto.308 | C110: 0 | D110: 0 | E110: 0 | F110: 0 | G110: 0 | H110: 0 | I110: 0 | J110: 0 | K110: 0 | L110: 0 | M110: 0 | N110: 0 | O110: 0 | P110: 0 | Q110: 0 | R110: =+AVERAGE(C110:Q110) -> 0
B111: Depto.309 | C111: 0 | D111: 0 | E111: 0 | F111: 0 | G111: 0 | H111: 0 | I111: 0 | J111: 0 | K111: 0 | L111: 0 | M111: 0 | N111: 0 | O111: 0 | P111: 0 | Q111: 0 | R111: =+AVERAGE(C111:Q111) -> 0
B112: Depto.310 | C112: 0 | D112: 0 | E112: 0 | F112: 0 | G112: 0 | H112: 0 | I112: 0 | J112: 0 | K112: 0 | L112: 0 | M112: 0 | N112: 0 | O112: 0 | P112: 0 | Q112: 0 | R112: =+AVERAGE(C112:Q112) -> 0
B113: Depto.311 | C113: 0 | D113: 0 | E113: 0 | F113: 0 | G113: 0 | H113: 0 | I113: 0 | J113: 0 | K113: 0 | L113: 0 | M113: 0 | N113: 0 | O113: 0 | P113: 0 | Q113: 0 | R113: =+AVERAGE(C113:Q113) -> 0
B114: Depto.312 | C114: 0 | D114: 0 | E114: 0 | F114: 0 | G114: 0 | H114: 0 | I114: 0 | J114: 0 | K114: 0 | L114: 0 | M114: 0 | N114: 0 | O114: 0 | P114: 0 | Q114: 0 | R114: =+AVERAGE(C114:Q114) -> 0
B115: Depto.313 | C115: 0 | D115: 0 | E115: 0 | F115: 0 | G115: 0 | H115: 0 | I115: 0 | J115: 0 | K115: 0 | L115: 0 | M115: 0 | N115: 0 | O115: 0 | P115: 0 | Q115: 0 | R115: =+AVERAGE(C115:Q115) -> 0
... B123: Depto.321 | C123: 0 | D123: 0 | E123: 0 | F123: 0 | G123: 0 | H123: 0 | I123: 0 | J123: 0 | K123: 0 | L123: 0 | M123: 0 | N123: 0 | O123: 0 | P123: 0 | Q123: 0 | R123: =+AVERAGE(C123:Q123) -> 0
A124: GRAFICO DE AVANCE POR PARTIDA
A125: PORCENTAJE POR PARTIDA | C125: =+AVERAGE(C80:C123) -> 0 | D125: =+AVERAGE(D80:D123) -> 0 | E125: =+AVERAGE(E80:E123) -> 0 | F125: =+AVERAGE(F80:F123) -> 0 | G125: =+AVERAGE(G80:G123) -> 0 | H125: =+AVERAGE(H80:H123) -> 0 | I125: =+AVERAGE(I80:I123) -> 0 | J125: =+AVERAGE(J80:J123) -> 0 | ... Q125: =+AVERAGE(Q80:Q123) -> 0
A126: AVANCE GENERAL PISO N° 3 | C126: =+AVERAGE(C125:Q125) -> 0
A127: PISO N°4 A | B127: Depto.401 | C127: 0 | D127: 0 | E127: 0 | F127: 0 | G127: 0 | H127: 0 | I127: 0 | J127: 0 | K127: 0 | L127: 0 | M127: 0 | N127: 0 | O127: 0 | P127: 0 | Q127: 0 | R127: =+AVERAGE(C127:Q127) -> 0
B128: Depto.402 | C128: 0 | D128: 0 | E128: 0 | F128: 0 | G128: 0 | H128: 0 | I128: 0 | J128: 0 | K128: 0 | L128: 0 | M128: 0 | N128: 0 | O128: 0 | P128: 0 | Q128: 0
B129: Depto.403 | C129: 0 | D129: 0 | E129: 0 | F129: 0 | G129: 0 | H129: 0 | I129: 0 | J129: 0 | K129: 0 | L129: 0 | M129: 0 | N129: 0 | O129: 0 | P129: 0 | Q129: 0
B130: Depto.404 | C130: 0 | D130: 0 | E130: 0 | F130: 0 | G130: 0 | H130: 0 | I130: 0 | J130: 0 | K130: 0 | L130: 0 | M130: 0 | N130: 0 | O130: 0 | P130: 0 | Q130: 0
B131: Depto.405 | C131: 0 | D131: 0 | E131: 0 | F131: 0 | G131: 0 | H131: 0 | I131: 0 | J131: 0 | K131: 0 | L131: 0 | M131: 0 | N131: 0 | O131: 0 | P131: 0 | Q131: 0
B132: Depto.406 | C132: 0 | D132: 0 | E132: 0 | F132: 0 | G132: 0 | H132: 0 | I132: 0 | J132: 0 | K132: 0 | L132: 0 | M132: 0 | N132: 0 | O132: 0 | P132: 0 | Q132: 0
B133: Depto.407 | C133: 0 | D133: 0 | E133: 0 | F133: 0 | G133: 0 | H133: 0 | I133: 0 | J133: 0 | K133: 0 | L133: 0 | M133: 0 | N133: 0 | O133: 0 | P133: 0 | Q133: 0
B134: Depto.408 | C134: 0 | D134: 0 | E134: 0 | F134: 0 | G134: 0 | H134: 0 | I134: 0 | J134: 0 | K134: 0 | L134: 0 | M134: 0 | N134: 0 | O134: 0 | P134: 0 | Q134: 0
B135: Depto.409 | C135: 0 | D135: 0 | E135: 0 | F135: 0 | G135: 0 | H135: 0 | I135: 0 | J135: 0 | K135: 0 | L135: 0 | M135: 0 | N135: 0 | O135: 0 | P135: 0 | Q135: 0
B136: Depto.410 | C136: 0 | D136: 0 | E136: 0 | F136: 0 | G136: 0 | H136: 0 | I136: 0 | J136: 0 | K136: 0 | L136: 0 | M136: 0 | N136: 0 | O136: 0 | P136: 0 | Q136: 0
B137: Depto.411 | C137: 0 | D137: 0 | E137: 0 | F137: 0 | G137: 0 | H137: 0 | I137: 0 | J137: 0 | K137: 0 | L137: 0 | M137: 0 | N137: 0 | O137: 0 | P137: 0 | Q137: 0
B138: Depto.412 | C138: 0 | D138: 0 | E138: 0 | F138: 0 | G138: 0 | H138: 0 | I138: 0 | J138: 0 | K138: 0 | L138: 0 | M138: 0 | N138: 0 | O138: 0 | P138: 0 | Q138: 0
B139: Depto.413 | C139: 0 | D139: 0 | E139: 0 | F139: 0 | G139: 0 | H139: 0 | I139: 0 | J139: 0 | K139: 0 | L139: 0 | M139: 0 | N139: 0 | O139: 0 | P139: 0 | Q139: 0
... B149: Depto.423 | C149: 0 | D149: 0 | E149: 0 | F149: 0 | G149: 0 | H149: 0 | I149: 0 | J149: 0 | K149: 0 | L149: 0 | M149: 0 | N149: 0 | O149: 0 | P149: 0 | Q149: 0
A150: PISO N°4 B | B150: Depto.401 | C150: 0 | D150: 0 | E150: 0 | F150: 0 | G150: 0 | H150: 0 | I150: 0 | J150: 0 | K150: 0 | L150: 0 | M150: 0 | N150: 0 | O150: 0 | P150: 0 | Q150: 0
B151: Depto.402 | C151: 0 | D151: 0 | E151: 0 | F151: 0 | G151: 0 | H151: 0 | I151: 0 | J151: 0 | K151: 0 | L151: 0 | M151: 0 | N151: 0 | O151: 0 | P151: 0 | Q151: 0
...

Sheet AVANCE SEMANAL 1
G2: AVANCE SEMANAL POR PARTIDAS LYON
D4: MAYO | E4: MAYO | F4: JUNIO | G4: JUNIO | H4: JUNIO | I4: JULIO | J4: JULIO | K4: JULIO | L4: AGOSTO
C6: Partidas | D6: PISO | E6: PISO | F6: PISO | G6: PISO | H6: PISO | I6: PISO | J6: PISO | K6: PISO | L6: PISO | M6: PISO | N6: PISO | O6: PISO | P6: % Avance Real | Q6: % Avance Programado | W6: Insidencia en Dias | X6: METAS
D7: 1 | E7: 2 | F7: 3 | G7: 4 | H7: 5 | I7: 6 | J7: 7 | K7: 8 | L7: 9 | M7: 10 | N7: 11 | O7: 12
Q8: NOVIEMBRE | R8: DICIEMBRE | S8: ENERO | T8: FEBRERO | U8: MARZO
C9: =0%/100 -> 0 | D9: =8.33333333333333%*D7 -> 0.083333333 | E9: =8.33333333333333%*E7 -> 0.16666667 | F9: =8.33333333333333%*F7 -> 0.25 | G9: =8.33333333333333%*G7 -> 0.33333333 | H9: =8.33333333333333%*H7 -> 0.41666667 | I9: =8.33333333333333%*I7 -> 0.5 | J9: =8.33333333333333%*J7 -> 0.58333333 | K9: =8.33333333333333%*K7 -> 0.66666667 | ... O9: =8.33333333333333%*O7 -> 1 | Q9: =+H9 -> 0.41666667 | R9: =+J9 -> 0.58333333 | S9: =+L9 -> 0.75 | T9: =+N9 -> 0.91666667 | U9: =+O9 -> 1
B10: FASE 1 | C10: Recepción Obra Gruesa | D10: =+_xlfn.XLOOKUP($C10,'FASE 1 '!$C$421:$V$421,'FASE 1 '!$C$423:$V$423) -> #N/A | E10: =+_xlfn.XLOOKUP($C10,'FASE 1 '!$C$421:$V$421,'FASE 1 '!$C$424:$V$424) -> #N/A | F10: =+_xlfn.XLOOKUP($C10,'FASE 1 '!$C$421:$V$421,'FASE 1 '!$C$425:$V$425) -> #N/A | G10: =+_xlfn.XLOOKUP($C10,'FASE 1 '!$C$421:$V$421,'FASE 1 '!$C$426:$V$426) -> #N/A | H10: =+_xlfn.XLOOKUP($C10,'FASE 1 '!$C$421:$V$421,'FASE 1 '!$C$427:$V$427) -> #N/A | I10: =+_xlfn.XLOOKUP($C10,'FASE 1 '!$C$421:$V$421,'FASE 1 '!$C$428:$V$428) -> #N/A | J10: =+_xlfn.XLOOKUP($C10,'FASE 1 '!$C$421:$V$421,'FASE 1 '!$C$429:$V$429) -> #N/A | K10: =+_xlfn.XLOOKUP($C10,'FASE 1 '!$C$421:$V$421,'FASE 1 '!$C$430:$V$430) -> #N/A | L10: =+_xlfn.XLOOKUP($C10,'FASE 1 '!$C$421:$V$421,'FASE 1 '!$C$431:$V$431) -> #N/A | M10: =+_xlfn.XLOOKUP($C10,'FASE 1 '!$C$421:$V$421,'FASE 1 '!#REF!) -> #REF! | N10: =+_xlfn.XLOOKUP($C10,'FASE 1 '!$C$421:$V$421,'FASE 1 '!#REF!) -> #REF! | O10: =+_xlfn.XLOOKUP($C10,'FASE 1 '!$C$421:$V$421,'FASE 1 '!#REF!) -> #REF! | P10: =+AVERAGE(D10:O10) -> #N/A | Q10: =P10 -> #N/A
C11: Cangueo y desbaste de pisos | D11: =+_xlfn.XLOOKUP($C11,'FASE 1 '!$C$421:$V$421,'FASE 1 '!$C$423:$V$423) -> #N/A | E11: =+_xlfn.XLOOKUP($C11,'FASE 1 '!$C$421:$V$421,'FASE 1 '!$C$424:$V$424) -> #N/A | F11: =+_xlfn.XLOOKUP($C11,'FASE 1 '!$C$421:$V$421,'FASE 1 '!$C$425:$V$425) -> #N/A | G11: =+_xlfn.XLOOKUP($C11,'FASE 1 '!$C$421:$V$421,'FASE 1 '!$C$426:$V$426) -> #N/A | H11: =+_xlfn.XLOOKUP($C11,'FASE 1 '!$C$421:$V$421,'FASE 1 '!$C$427:$V$427) -> #N/A | I11: =+_xlfn.XLOOKUP($C11,'FASE 1 '!$C$421:$V$421,'FASE 1 '!$C$428:$V$428) -> #N/A | J11: =+_xlfn.XLOOKUP($C11,'FASE 1 '!$C$421:$V$421,'FASE 1 '!$C$429:$V$429) -> #N/A | K11: =+_xlfn.XLOOKUP($C11,'FASE 1 '!$C$421:$V$421,'FASE 1 '!$C$430:$V$430) -> #N/A | L11: =+_xlfn.XLOOKUP($C11,'FASE 1 '!$C$421:$V$421,'FASE 1 '!$C$431:$V$431) -> #N/A | M11: =+_xlfn.XLOOKUP($C11,'FASE 1 '!$C$421:$V$421,'FASE 1 '!#REF!) -> #REF! | N11: =+_xlfn.XLOOKUP($C11,'FASE 1 '!$C$421:$V$421,'FASE 1 '!#REF!) -> #REF! | O11: =+_xlfn.XLOOKUP($C11,'FASE 1 '!$C$421:$V$421,'FASE 1 '!#REF!) -> #REF! | P11: =+AVERAGE(D11:O11) -> #N/A | Q11: =P11 -> #N/A
C12: Retiro camisas / Tapado Pasadas | D12: =+_xlfn.XLOOKUP($C12,'FASE 1 '!$C$421:$V$421,'FASE 1 '!$C$423:$V$423) -> 0.58333333 | E12: =+_xlfn.XLOOKUP($C12,'FASE 1 '!$C$421:$V$421,'FASE 1 '!$C$424:$V$424) -> 0.97674419 | F12: =+_xlfn.XLOOKUP($C12,'FASE 1 '!$C$421:$V$421,'FASE 1 '!$C$425:$V$425) -> 0.47727273 | G12: =+_xlfn.XLOOKUP($C12,'FASE 1 '!$C$421:$V$421,'FASE 1 '!$C$426:$V$426) -> 0 | H12: =+_xlfn.XLOOKUP($C12,'FASE 1 '!$C$421:$V$421,'FASE 1 '!$C$427:$V$427) -> 0 | I12: =+_xlfn.XLOOKUP($C12,'FASE 1 '!$C$421:$V$421,'FASE 1 '!$C$428:$V$428) -> 0 | J12: =+_xlfn.XLOOKUP($C12,'FASE 1 '!$C$421:$V$421,'FASE 1 '!$C$429:$V$429) -> 0 | K12: =+_xlfn.XLOOKUP($C12,'FASE 1 '!$C$421:$V$421,'FASE 1 '!$C$430:$V$430) -> 0 | L12: =+_xlfn.XLOOKUP($C12,'FASE 1 '!$C$421:$V$421,'FASE 1 '!$C$431:$V$431) -> 0 | M12: =+_xlfn.XLOOKUP($C12,'FASE 1 '!$C$421:$V$421,'FASE 1 '!#REF!) -> #REF! | N12: =+_xlfn.XLOOKUP($C12,'FASE 1 '!$C$421:$V$421,'FASE 1 '!#REF!) -> #REF! | O12: =+_xlfn.XLOOKUP($C12,'FASE 1 '!$C$421:$V$421,'FASE 1 '!#REF!) -> #REF! | P12: =+AVERAGE(D12:O12) -> #REF! | Q12: =P12 -> #REF!
C13: Pulido, descarachado y preparacion de muros | D13: =+_xlfn.XLOOKUP($C13,'FASE 1 '!$C$421:$V$421,'FASE 1 '!$C$423:$V$423) -> 0.58333333 | E13: =+_xlfn.XLOOKUP($C13,'FASE 1 '!$C$421:$V$421,'FASE 1 '!$C$424:$V$424) -> 0.95348837 | F13: =+_xlfn.XLOOKUP($C13,'FASE 1 '!$C$421:$V$421,'FASE 1 '!$C$425:$V$425) -> 0.18181818 | G13: =+_xlfn.XLOOKUP($C13,'FASE 1 '!$C$421:$V$421,'FASE 1 '!$C$426:$V$426) -> 0 | H13: =+_xlfn.XLOOKUP($C13,'FASE 1 '!$C$421:$V$421,'FASE 1 '!$C$427:$V$427) -> 0 | I13: =+_xlfn.XLOOKUP($C13,'FASE 1 '!$C$421:$V$421,'FASE 1 '!$C$428:$V$428) -> 0 | J13: =+_xlfn.XLOOKUP($C13,'FASE 1 '!$C$421:$V$421,'FASE 1 '!$C$429:$V$429) -> 0 | K13: =+_xlfn.XLOOKUP($C13,'FASE 1 '!$C$421:$V$421,'FASE 1 '!$C$430:$V$430) -> 0 | L13: =+_xlfn.XLOOKUP($C13,'FASE 1 '!$C$421:$V$421,'FASE 1 '!$C$431:$V$431) -> 0 | M13: =+_xlfn.XLOOKUP($C13,'FASE 1 '!$C$421:$V$421,'FASE 1 '!#REF!) -> #REF! | N13: =+_xlfn.XLOOKUP($C13,'FASE 1 '!$C$421:$V$421,'FASE 1 '!#REF!) -> #REF! | O13: =+_xlfn.XLOOKUP($C13,'FASE 1 '!$C$421:$V$421,'FASE 1 '!#REF!) -> #REF! | P13: =+AVERAGE(D13:O13) -> #REF! | Q13: =P13 -> #REF!
C14: Trazado tabique/Yeso/auxiliares vent. Y puertas | D14: =+_xlfn.XLOOKUP($C14,'FASE 1 '!$C$421:$V$421,'FASE 1 '!$C$423:$V$423) -> 0.58333333 | E14: =+_xlfn.XLOOKUP($C14,'FASE 1 '!$C$421:$V$421,'FASE 1 '!$C$424:$V$424) -> 0.26511628 | F14: =+_xlfn.XLOOKUP($C14,'FASE 1 '!$C$421:$V$421,'FASE 1 '!$C$425:$V$425) -> 0.18181818 | G14: =+_xlfn.XLOOKUP($C14,'FASE 1 '!$C$421:$V$421,'FASE 1 '!$C$426:$V$426) -> 0 | H14: =+_xlfn.XLOOKUP($C14,'FASE 1 '!$C$421:$V$421,'FASE 1 '!$C$427:$V$427) -> 0 | I14: =+_xlfn.XLOOKUP($C14,'FASE 1 '!$C$421:$V$421,'FASE 1 '!$C$428:$V$428) -> 0 | J14: =+_xlfn.XLOOKUP($C14,'FASE 1 '!$C$421:$V$421,'FASE 1 '!$C$429:$V$429) -> 0 | K14: =+_xlfn.XLOOKUP($C14,'FASE 1 '!$C$421:$V$421,'FASE 1 '!$C$430:$V$430) -> 0 | L14: =+_xlfn.XLOOKUP($C14,'FASE 1 '!$C$421:$V$421,'FASE 1 '!$C$431:$V$431) -> 0 | M14: =+_xlfn.XLOOKUP($C14,'FASE 1 '!$C$421:$V$421,'FASE 1 '!#REF!) -> #REF! | N14: =+_xlfn.XLOOKUP($C14,'FASE 1 '!$C$421:$V$421,'FASE 1 '!#REF!) -> #REF! | O14: =+_xlfn.XLOOKUP($C14,'FASE 1 '!$C$421:$V$421,'FASE 1 '!#REF!) -> #REF! | P14: =+AVERAGE(D14:O14) -> #REF! | Q14: =P14 -> #REF!
C15: Chequeo Rasgos Puerta Acceso | D15: =+_xlfn.XLOOKUP($C15,'FASE 1 '!$C$421:$V$421,'FASE 1 '!$C$423:$V$423) -> 0.38333333 | E15: =+_xlfn.XLOOKUP($C15,'FASE 1 '!$C$421:$V$421,'FASE 1 '!$C$424:$V$424) -> 0.29767442 | F15: =+_xlfn.XLOOKUP($C15,'FASE 1 '!$C$421:$V$421,'FASE 1 '!$C$425:$V$425) -> 0.18181818 | G15: =+_xlfn.XLOOKUP($C15,'FASE 1 '!$C$421:$V$421,'FASE 1 '!$C$426:$V$426) -> 0 | H15: =+_xlfn.XLOOKUP($C15,'FASE 1 '!$C$421:$V$421,'FASE 1 '!$C$427:$V$427) -> 0 | I15: =+_xlfn.XLOOKUP($C15,'FASE 1 '!$C$421:$V$421,'FASE 1 '!$C$428:$V$428) -> 0 | J15: =+_xlfn.XLOOKUP($C15,'FASE 1 '!$C$421:$V$421,'FASE 1 '!$C$429:$V$429) -> 0 | K15: =+_xlfn.XLOOKUP($C15,'FASE 1 '!$C$421:$V$421,'FASE 1 '!$C$430:$V$430) -> 0 | L15: =+_xlfn.XLOOKUP($C15,'FASE 1 '!$C$421:$V$421,'FASE 1 '!$C$431:$V$431) -> 0 | M15: =+_xlfn.XLOOKUP($C15,'FASE 1 '!$C$421:$V$421,'FASE 1 '!#REF!) -> #REF! | N15: =+_xlfn.XLOOKUP($C15,'FASE 1 '!$C$421:$V$421,'FASE 1 '!#REF!) -> #REF! | O15: =+_xlfn.XLOOKUP($C15,'FASE 1 '!$C$421:$V$421,'FASE 1 '!#REF!) -> #REF! | P15: =+AVERAGE(D15:O15) -> #REF! | Q15: =P15 -> #REF!
C16: Grada Buque (9cm) | D16: =+_xlfn.XLOOKUP($C16,'FASE 1 '!$C$421:$V$421,'FASE 1 '!$C$423:$V$423) -> 0.58333333 | E16: =+_xlfn.XLOOKUP($C16,'FASE 1 '!$C$421:$V$421,'FASE 1 '!$C$424:$V$424) -> 0.46511628 | F16: =+_xlfn.XLOOKUP($C16,'FASE 1 '!$C$421:$V$421,'FASE 1 '!$C$425:$V$425) -> 0 | G16: =+_xlfn.XLOOKUP($C16,'FASE 1 '!$C$421:$V$421,'FASE 1 '!$C$426:$V$426) -> 0 | H16: =+_xlfn.XLOOKUP($C16,'FASE 1 '!$C$421:$V$421,'FASE 1 '!$C$427:$V$427) -> 0 | I16: =+_xlfn.XLOOKUP($C16,'FASE 1 '!$C$421:$V$421,'FASE 1 '!$C$428:$V$428) -> 0 | J16: =+_xlfn.XLOOKUP($C16,'FASE 1 '!$C$421:$V$421,'FASE 1 '!$C$429:$V$429) -> 0 | K16: =+_xlfn.XLOOKUP($C16,'FASE 1 '!$C$421:$V$421,'FASE 1 '!$C$430:$V$430) -> 0 | L16: =+_xlfn.XLOOKUP($C16,'FASE 1 '!$C$421:$V$421,'FASE 1 '!$C$431:$V$431) -> 0 | M16: =+_xlfn.XLOOKUP($C16,'FASE 1 '!$C$421:$V$421,'FASE 1 '!#REF!) -> #REF! | N16: =+_xlfn.XLOOKUP($C16,'FASE 1 '!$C$421:$V$421,'FASE 1 '!#REF!) -> #REF! | O16: =+_xlfn.XLOOKUP($C16,'FASE 1 '!$C$421:$V$421,'FASE 1 '!#REF!) -> #REF! | P16: =+AVERAGE(D16:O16) -> #REF! | Q16: =P16 -> #REF!
C17: Rasgo ventana - terrazas | D17: =+_xlfn.XLOOKUP($C17,'FASE 1 '!$C$421:$V$421,'FASE 1 '!$C$423:$V$423) -> 0.575 | E17: =+_xlfn.XLOOKUP($C17,'FASE 1 '!$C$421:$V$421,'FASE 1 '!$C$424:$V$424) -> 0.19883721 | F17: =+_xlfn.XLOOKUP($C17,'FASE 1 '!$C$421:$V$421,'FASE 1 '!$C$425:$V$425) -> 0 | G17: =+_xlfn.XLOOKUP($C17,'FASE 1 '!$C$421:$V$421,'FASE 1 '!$C$426:$V$426) -> 0 | H17: =+_xlfn.XLOOKUP($C17,'FASE 1 '!$C$421:$V$421,'FASE 1 '!$C$427:$V$427) -> 0 | I17: =+_xlfn.XLOOKUP($C17,'FASE 1 '!$C$421:$V$421,'FASE 1 '!$C$428:$V$428) -> 0 | J17: =+_xlfn.XLOOKUP($C17,'FASE 1 '!$C$421:$V$421,'FASE 1 '!$C$429:$V$429) -> 0 | K17: =+_xlfn.XLOOKUP($C17,'FASE 1 '!$C$421:$V$421,'FASE 1 '!$C$430:$V$430) -> 0 | L17: =+_xlfn.XLOOKUP($C17,'FASE 1 '!$C$421:$V$421,'FASE 1 '!$C$431:$V$431) -> 0 | M17: =+_xlfn.XLOOKUP($C17,'FASE 1 '!$C$421:$V$421,'FASE 1 '!#REF!) -> #REF! | N17: =+_xlfn.XLOOKUP($C17,'FASE 1 '!$C$421:$V$421,'FASE 1 '!#REF!) -> #REF! | O17: =+_xlfn.XLOOKUP($C17,'FASE 1 '!$C$421:$V$421,'FASE 1 '!#REF!) -> #REF! | P17: =+AVERAGE(D17:O17) -> #REF! | Q17: =P17 -> #REF!
C18: Despeje caja electricas | D18: =+_xlfn.XLOOKUP($C18,'FASE 1 '!$C$421:$V$421,'FASE 1 '!$C$423:$V$423) -> 0.52083333 | E18: =+_xlfn.XLOOKUP($C18,'FASE 1 '!$C$421:$V$421,'FASE 1 '!$C$424:$V$424) -> 0.48837209 | F18: =+_xlfn.XLOOKUP($C18,'FASE 1 '!$C$421:$V$421,'FASE 1 '!$C$425:$V$425) -> 0.12272727 | G18: =+_xlfn.XLOOKUP($C18,'FASE 1 '!$C$421:$V$421,'FASE 1 '!$C$426:$V$426) -> 0 | H18: =+_xlfn.XLOOKUP($C18,'FASE 1 '!$C$421:$V$421,'FASE 1 '!$C$427:$V$427) -> 0 | I18: =+_xlfn.XLOOKUP($C18,'FASE 1 '!$C$421:$V$421,'FASE 1 '!$C$428:$V$428) -> 0 | J18: =+_xlfn.XLOOKUP($C18,'FASE 1 '!$C$421:$V$421,'FASE 1 '!$C$429:$V$429) -> 0 | K18: =+_xlfn.XLOOKUP($C18,'FASE 1 '!$C$421:$V$421,'FASE 1 '!$C$430:$V$430) -> 0 | L18: =+_xlfn.XLOOKUP($C18,'FASE 1 '!$C$421:$V$421,'FASE 1 '!$C$431:$V$431) -> 0 | M18: =+_xlfn.XLOOKUP($C18,'FASE 1 '!$C$421:$V$421,'FASE 1 '!#REF!) -> #REF! | N18: =+_xlfn.XLOOKUP($C18,'FASE 1 '!$C$421:$V$421,'FASE 1 '!#REF!) -> #REF! | O18: =+_xlfn.XLOOKUP($C18,'FASE 1 '!$C$421:$V$421,'FASE 1 '!#REF!) -> #REF! | P18: =+AVERAGE(D18:O18) -> #REF! | Q18: =P18 -> #REF!
C19: Yeso Muro | D19: =+_xlfn.XLOOKUP($C19,'FASE 1 '!$C$421:$V$421,'FASE 1 '!$C$423:$V$423) -> 0.58333333 | E19: =+_xlfn.XLOOKUP($C19,'FASE 1 '!$C$421:$V$421,'FASE 1 '!$C$424:$V$424) -> 0.45348837 | F19: =+_xlfn.XLOOKUP($C19,'FASE 1 '!$C$421:$V$421,'FASE 1 '!$C$425:$V$425) -> 0.18181818 | G19: =+_xlfn.XLOOKUP($C19,'FASE 1 '!$C$421:$V$421,'FASE 1 '!$C$426:$V$426) -> 0 | H19: =+_xlfn.XLOOKUP($C19,'FASE 1 '!$C$421:$V$421,'FASE 1 '!$C$427:$V$427) -> 0 | I19: =+_xlfn.XLOOKUP($C19,'FASE 1 '!$C$421:$V$421,'FASE 1 '!$C$428:$V$428) -> 0 | J19: =+_xlfn.XLOOKUP($C19,'FASE 1 '!$C$421:$V$421,'FASE 1 '!$C$429:$V$429) -> 0 | K19: =+_xlfn.XLOOKUP($C19,'FASE 1 '!$C$421:$V$421,'FASE 1 '!$C$430:$V$430) -> 0 | L19: =+_xlfn.XLOOKUP($C19,'FASE 1 '!$C$421:$V$421,'FASE 1 '!$C$431:$V$431) -> 0 | M19: =+_xlfn.XLOOKUP($C19,'FASE 1 '!$C$421:$V$421,'FASE 1 '!#REF!) -> #REF! | N19: =+_xlfn.XLOOKUP($C19,'FASE 1 '!$C$421:$V$421,'FASE 1 '!#REF!) -> #REF! | O19: =+_xlfn.XLOOKUP($C19,'FASE 1 '!$C$421:$V$421,'FASE 1 '!#REF!) -> #REF! | P19: =+AVERAGE(D19:O19) -> #REF! | Q19: =P19 -> #REF!
C20: Yeso Cielo | D20: =+_xlfn.XLOOKUP($C20,'FASE 1 '!$C$421:$V$421,'FASE 1 '!$C$423:$V$423) -> 0.58333333 | E20: =+_xlfn.XLOOKUP($C20,'FASE 1 '!$C$421:$V$421,'FASE 1 '!$C$424:$V$424) -> 0.18604651 | F20: =+_xlfn.XLOOKUP($C20,'FASE 1 '!$C$421:$V$421,'FASE 1 '!$C$425:$V$425) -> 0 | G20: =+_xlfn.XLOOKUP($C20,'FASE 1 '!$C$421:$V$421,'FASE 1 '!$C$426:$V$426) -> 0 | H20: =+_xlfn.XLOOKUP($C20,'FASE 1 '!$C$421:$V$421,'FASE 1 '!$C$427:$V$427) -> 0 | I20: =+_xlfn.XLOOKUP($C20,'FASE 1 '!$C$421:$V$421,'FASE 1 '!$C$428:$V$428) -> 0 | J20: =+_xlfn.XLOOKUP($C20,'FASE 1 '!$C$421:$V$421,'FASE 1 '!$C$429:$V$429) -> 0 | K20: =+_xlfn.XLOOKUP($C20,'FASE 1 '!$C$421:$V$421,'FASE 1 '!$C$430:$V$430) -> 0 | L20: =+_xlfn.XLOOKUP($C20,'FASE 1 '!$C$421:$V$421,'FASE 1 '!$C$431:$V$431) -> 0 | M20: =+_xlfn.XLOOKUP($C20,'FASE 1 '!$C$421:$V$421,'FASE 1 '!#REF!) -> #REF! | N20: =+_xlfn.XLOOKUP($C20,'FASE 1 '!$C$421:$V$421,'FASE 1 '!#REF!) -> #REF! | O20: =+_xlfn.XLOOKUP($C20,'FASE 1 '!$C$421:$V$421,'FASE 1 '!#REF!) -> #REF! | P20: =+AVERAGE(D20:O20) -> #REF! | Q20: =P20 -> #REF!
C21: Sanitario vertical y ramal | D21: =+_xlfn.XLOOKUP($C21,'FASE 1 '!$C$421:$V$421,'FASE 1 '!$C$423:$V$423) -> 0.31666667 | E21: =+_xlfn.XLOOKUP($C21,'FASE 1 '!$C$421:$V$421,'FASE 1 '!$C$424:$V$424) -> 0 | F21: =+_xlfn.XLOOKUP($C21,'FASE 1 '!$C$421:$V$421,'FASE 1 '!$C$425:$V$425) -> 0 | G21: =+_xlfn.XLOOKUP($C21,'FASE 1 '!$C$421:$V$421,'FASE 1 '!$C$426:$V$426) -> 0 | H21: =+_xlfn.XLOOKUP($C21,'FASE 1 '!$C$421:$V$421,'FASE 1 '!$C$427:$V$427) -> 0 | I21: =+_xlfn.XLOOKUP($C21,'FASE 1 '!$C$421:$V$421,'FASE 1 '!$C$428:$V$428) -> 0 | J21: =+_xlfn.XLOOKUP($C21,'FASE 1 '!$C$421:$V$421,'FASE 1 '!$C$429:$V$429) -> 0 | K21: =+_xlfn.XLOOKUP($C21,'FASE 1 '!$C$421:$V$421,'FASE 1 '!$C$430:$V$430) -> 0 | L21: =+_xlfn.XLOOKUP($C21,'FASE 1 '!$C$421:$V$421,'FASE 1 '!$C$431:$V$431) -> 0 | M21: =+_xlfn.XLOOKUP($C21,'FASE 1 '!$C$421:$V$421,'FASE 1 '!#REF!) -> #REF! | N21: =+_xlfn.XLOOKUP($C21,'FASE 1 '!$C$421:$V$421,'FASE 1 '!#REF!) -> #REF! | O21: =+_xlfn.XLOOKUP($C21,'FASE 1 '!$C$421:$V$421,'FASE 1 '!#REF!) -> #REF! | P21: =+AVERAGE(D21:O21) -> #REF! | Q21: =P21 -> #REF!
C22: Instalación Lana Mineral | D22: =+_xlfn.XLOOKUP($C22,'FASE 1 '!$C$421:$V$421,'FASE 1 '!$C$423:$V$423) -> #N/A | E22: =+_xlfn.XLOOKUP($C22,'FASE 1 '!$C$421:$V$421,'FASE 1 '!$C$424:$V$424) -> #N/A | F22: =+_xlfn.XLOOKUP($C22,'FASE 1 '!$C$421:$V$421,'FASE 1 '!$C$425:$V$425) -> #N/A | G22: =+_xlfn.XLOOKUP($C22,'FASE 1 '!$C$421:$V$421,'FASE 1 '!$C$426:$V$426) -> #N/A | H22: =+_xlfn.XLOOKUP($C22,'FASE 1 '!$C$421:$V$421,'FASE 1 '!$C$427:$V$427) -> #N/A | I22: =+_xlfn.XLOOKUP($C22,'FASE 1 '!$C$421:$V$421,'FASE 1 '!$C$428:$V$428) -> #N/A | J22: =+_xlfn.XLOOKUP($C22,'FASE 1 '!$C$421:$V$421,'FASE 1 '!$C$429:$V$429) -> #N/A | K22: =+_xlfn.XLOOKUP($C22,'FASE 1 '!$C$421:$V$421,'FASE 1 '!$C$430:$V$430) -> #N/A | L22: =+_xlfn.XLOOKUP($C22,'FASE 1 '!$C$421:$V$421,'FASE 1 '!$C$431:$V$431) -> #N/A | M22: =+_xlfn.XLOOKUP($C22,'FASE 1 '!$C$421:$V$421,'FASE 1 '!#REF!) -> #REF! | N22: =+_xlfn.XLOOKUP($C22,'FASE 1 '!$C$421:$V$421,'FASE 1 '!#REF!) -> #REF! | O22: =+_xlfn.XLOOKUP($C22,'FASE 1 '!$C$421:$V$421,'FASE 1 '!#REF!) -> #REF! | P22: =+AVERAGE(D22:O22) -> #N/A | Q22: =P22 -> #N/A
... C26: Aislación Interior y Refuerzo Plasma | D26: =+_xlfn.XLOOKUP($C26,'FASE 1 '!$C$421:$V$421,'FASE 1 '!$C$423:$V$423) -> 0.45833333 | E26: =+_xlfn.XLOOKUP($C26,'FASE 1 '!$C$421:$V$421,'FASE 1 '!$C$424:$V$424) -> 0 | F26: =+_xlfn.XLOOKUP($C26,'FASE 1 '!$C$421:$V$421,'FASE 1 '!$C$425:$V$425) -> 0 | G26: =+_xlfn.XLOOKUP($C26,'FASE 1 '!$C$421:$V$421,'FASE 1 '!$C$426:$V$426) -> 0 | H26: =+_xlfn.XLOOKUP($C26,'FASE 1 '!$C$421:$V$421,'FASE 1 '!$C$427:$V$427) -> 0 | I26: =+_xlfn.XLOOKUP($C26,'FASE 1 '!$C$421:$V$421,'FASE 1 '!$C$428:$V$428) -> 0 | J26: =+_xlfn.XLOOKUP($C26,'FASE 1 '!$C$421:$V$421,'FASE 1 '!$C$429:$V$429) -> 0 | K26: =+_xlfn.XLOOKUP($C26,'FASE 1 '!$C$421:$V$421,'FASE 1 '!$C$430:$V$430) -> 0 | L26: =+_xlfn.XLOOKUP($C26,'FASE 1 '!$C$421:$V$421,'FASE 1 '!$C$431:$V$431) -> 0 | M26: =+_xlfn.XLOOKUP($C26,'FASE 1 '!$C$421:$V$421,'FASE 1 '!#REF!) -> #REF! | N26: =+_xlfn.XLOOKUP($C26,'FASE 1 '!$C$421:$V$421,'FASE 1 '!#REF!) -> #REF! | O26: =+_xlfn.XLOOKUP($C26,'FASE 1 '!$C$421:$V$421,'FASE 1 '!#REF!) -> #REF! | P26: =+AVERAGE(D26:O26) -> #REF! | Q26: =P26 -> #REF!
C27: Enlauchado | D27: =+_xlfn.XLOOKUP($C27,'FASE 1 '!$C$421:$V$421,'FASE 1 '!$C$423:$V$423) -> 0.083333333 | E27: =+_xlfn.XLOOKUP($C27,'FASE 1 '!$C$421:$V$421,'FASE 1 '!$C$423:$V$423) -> 0.083333333 | F27: =+_xlfn.XLOOKUP($C27,'FASE 1 '!$C$421:$V$421,'FASE 1 '!$C$423:$V$423) -> 0.083333333 | G27: =+_xlfn.XLOOKUP($C27,'FASE 1 '!$C$421:$V$421,'FASE 1 '!$C$423:$V$423) -> 0.083333333 | H27: =+_xlfn.XLOOKUP($C27,'FASE 1 '!$C$421:$V$421,'FASE 1 '!$C$423:$V$423) -> 0.083333333 | I27: =+_xlfn.XLOOKUP($C27,'FASE 1 '!$C$421:$V$421,'FASE 1 '!$C$423:$V$423) -> 0.083333333 | J27: =+_xlfn.XLOOKUP($C27,'FASE 1 '!$C$421:$V$421,'FASE 1 '!$C$423:$V$423) -> 0.083333333 | K27: =+_xlfn.XLOOKUP($C27,'FASE 1 '!$C$421:$V$421,'FASE 1 '!$C$423:$V$423) -> 0.083333333 | ... O27: =+_xlfn.XLOOKUP($C27,'FASE 1 '!$C$421:$V$421,'FASE 1 '!$C$423:$V$423) -> 0.083333333 | P27: =+AVERAGE(D27:O27) -> 0.083333333 | Q27: =P27 -> 0.083333333
C28: Instalaciones Interior Tabique | D28: =+_xlfn.XLOOKUP($C28,'FASE 1 '!$C$421:$V$421,'FASE 1 '!$C$423:$V$423) -> 0.45 | E28: =+_xlfn.XLOOKUP($C28,'FASE 1 '!$C$421:$V$421,'FASE 1 '!$C$424:$V$424) -> 0 | F28: =+_xlfn.XLOOKUP($C28,'FASE 1 '!$C$421:$V$421,'FASE 1 '!$C$425:$V$425) -> 0 | G28: =+_xlfn.XLOOKUP($C28,'FASE 1 '!$C$421:$V$421,'FASE 1 '!$C$426:$V$426) -> 0 | H28: =+_xlfn.XLOOKUP($C28,'FASE 1 '!$C$421:$V$421,'FASE 1 '!$C$427:$V$427) -> 0 | I28: =+_xlfn.XLOOKUP($C28,'FASE 1 '!$C$421:$V$421,'FASE 1 '!$C$428:$V$428) -> 0 | J28: =+_xlfn.XLOOKUP($C28,'FASE 1 '!$C$421:$V$421,'FASE 1 '!$C$429:$V$429) -> 0 | K28: =+_xlfn.XLOOKUP($C28,'FASE 1 '!$C$421:$V$421,'FASE 1 '!$C$430:$V$430) -> 0 | L28: =+_xlfn.XLOOKUP($C28,'FASE 1 '!$C$421:$V$421,'FASE 1 '!$C$431:$V$431) -> 0 | M28: =+_xlfn.XLOOKUP($C28,'FASE 1 '!$C$421:$V$421,'FASE 1 '!#REF!) -> #REF! | N28: =+_xlfn.XLOOKUP($C28,'FASE 1 '!$C$421:$V$421,'FASE 1 '!#REF!) -> #REF! | O28: =+_xlfn.XLOOKUP($C28,'FASE 1 '!$C$421:$V$421,'FASE 1 '!#REF!) -> #REF! | P28: =+AVERAGE(D28:O28) -> #REF! | Q28: =P28 -> #REF!
C29: Tabique 2° cara | D29: =+_xlfn.XLOOKUP($C29,'FASE 1 '!$C$421:$V$421,'FASE 1 '!$C$423:$V$423) -> 0.36041667 | E29: =+_xlfn.XLOOKUP($C29,'FASE 1 '!$C$421:$V$421,'FASE 1 '!$C$424:$V$424) -> 0 | F29: =+_xlfn.XLOOKUP($C29,'FASE 1 '!$C$421:$V$421,'FASE 1 '!$C$425:$V$425) -> 0 | G29: =+_xlfn.XLOOKUP($C29,'FASE 1 '!$C$421:$V$421,'FASE 1 '!$C$426:$V$426) -> 0 | H29: =+_xlfn.XLOOKUP($C29,'FASE 1 '!$C$421:$V$421,'FASE 1 '!$C$427:$V$427) -> 0 | I29: =+_xlfn.XLOOKUP($C29,'FASE 1 '!$C$421:$V$421,'FASE 1 '!$C$428:$V$428) -> 0 | J29: =+_xlfn.XLOOKUP($C29,'FASE 1 '!$C$421:$V$421,'FASE 1 '!$C$429:$V$429) -> 0 | K29: =+_xlfn.XLOOKUP($C29,'FASE 1 '!$C$421:$V$421,'FASE 1 '!$C$430:$V$430) -> 0 | L29: =+_xlfn.XLOOKUP($C29,'FASE 1 '!$C$421:$V$421,'FASE 1 '!$C$431:$V$431) -> 0 | M29: =+_xlfn.XLOOKUP($C29,'FASE 1 '!$C$421:$V$421,'FASE 1 '!#REF!) -> #REF! | N29: =+_xlfn.XLOOKUP($C29,'FASE 1 '!$C$421:$V$421,'FASE 1 '!#REF!) -> #REF! | O29: =+_xlfn.XLOOKUP($C29,'FASE 1 '!$C$421:$V$421,'FASE 1 '!#REF!) -> #REF! | P29: =+AVERAGE(D29:O29) -> #REF! | Q29: =P29 -> #REF!
C30: Shaft /Tabique | D30: =+_xlfn.XLOOKUP($C30,'FASE 1 '!$C$421:$V$421,'FASE 1 '!$C$423:$V$423) -> 0.13333333 | E30: =+_xlfn.XLOOKUP($C30,'FASE 1 '!$C$421:$V$421,'FASE 1 '!$C$424:$V$424) -> 0 | F30: =+_xlfn.XLOOKUP($C30,'FASE 1 '!$C$421:$V$421,'FASE 1 '!$C$425:$V$425) -> 0 | G30: =+_xlfn.XLOOKUP($C30,'FASE 1 '!$C$421:$V$421,'FASE 1 '!$C$426:$V$426) -> 0 | H30: =+_xlfn.XLOOKUP($C30,'FASE 1 '!$C$421:$V$421,'FASE 1 '!$C$427:$V$427) -> 0 | I30: =+_xlfn.XLOOKUP($C30,'FASE 1 '!$C$421:$V$421,'FASE 1 '!$C$428:$V$428) -> 0 | J30: =+_xlfn.XLOOKUP($C30,'FASE 1 '!$C$421:$V$421,'FASE 1 '!$C$429:$V$429) -> 0 | K30: =+_xlfn.XLOOKUP($C30,'FASE 1 '!$C$421:$V$421,'FASE 1 '!$C$430:$V$430) -> 0 | L30: =+_xlfn.XLOOKUP($C30,'FASE 1 '!$C$421:$V$421,'FASE 1 '!$C$431:$V$431) -> 0 | M30: =+_xlfn.XLOOKUP($C30,'FASE 1 '!$C$421:$V$421,'FASE 1 '!#REF!) -> #REF! | N30: =+_xlfn.XLOOKUP($C30,'FASE 1 '!$C$421:$V$421,'FASE 1 '!#REF!) -> #REF! | O30: =+_xlfn.XLOOKUP($C30,'FASE 1 '!$C$421:$V$421,'FASE 1 '!#REF!) -> #REF! | P30: =+AVERAGE(D30:O30) -> #REF! | Q30: =P30 -> #REF!
C31: Mochetas y Dinteles Puerta Acceso | D31: =+_xlfn.XLOOKUP($C31,'FASE 1 '!$C$421:$V$421,'FASE 1 '!$C$423:$V$423) -> 0.11666667 | E31: =+_xlfn.XLOOKUP($C31,'FASE 1 '!$C$421:$V$421,'FASE 1 '!$C$424:$V$424) -> 0 | F31: =+_xlfn.XLOOKUP($C31,'FASE 1 '!$C$421:$V$421,'FASE 1 '!$C$425:$V$425) -> 0 | G31: =+_xlfn.XLOOKUP($C31,'FASE 1 '!$C$421:$V$421,'FASE 1 '!$C$426:$V$426) -> 0 | H31: =+_xlfn.XLOOKUP($C31,'FASE 1 '!$C$421:$V$421,'FASE 1 '!$C$427:$V$427) -> 0 | I31: =+_xlfn.XLOOKUP($C31,'FASE 1 '!$C$421:$V$421,'FASE 1 '!$C$428:$V$428) -> 0 | J31: =+_xlfn.XLOOKUP($C31,'FASE 1 '!$C$421:$V$421,'FASE 1 '!$C$429:$V$429) -> 0 | K31: =+_xlfn.XLOOKUP($C31,'FASE 1 '!$C$421:$V$421,'FASE 1 '!$C$430:$V$430) -> 0 | L31: =+_xlfn.XLOOKUP($C31,'FASE 1 '!$C$421:$V$421,'FASE 1 '!$C$431:$V$431) -> 0 | M31: =+_xlfn.XLOOKUP($C31,'FASE 1 '!$C$421:$V$421,'FASE 1 '!#REF!) -> #REF! | N31: =+_xlfn.XLOOKUP($C31,'FASE 1 '!$C$421:$V$421,'FASE 1 '!#REF!) -> #REF! | O31: =+_xlfn.XLOOKUP($C31,'FASE 1 '!$C$421:$V$421,'FASE 1 '!#REF!) -> #REF! | P31: =+AVERAGE(D31:O31) -> #REF! | Q31: =P31 -> #REF!
B32: FASE 2 | Q32: DICIEMBRE | R32: ENERO | S32: FEBRERO | T32: MARZO | U32: ABRIL | V32: MAYO
Q33: =+F9 -> 0.25 | R33: =+H9 -> 0.41666667 | S33: =+J9 -> 0.58333333 | T33: =+L9 -> 0.75 | U33: =+N9 -> 0.91666667 | V33: =+O9 -> 1
C34: Huinchas tabiques | D34: =+_xlfn.XLOOKUP($C34,'FASE 2 '!$C$408:$Q$408,'FASE 2 '!$C$410:$Q$410) -> 0.15 | E34: =+_xlfn.XLOOKUP($C34,'FASE 2 '!$C$408:$Q$408,'FASE 2 '!$C$411:$Q$411) -> 0 | F34: =+_xlfn.XLOOKUP($C34,'FASE 2 '!$C$408:$Q$408,'FASE 2 '!$C$412:$Q$412) -> 0 | G34: =+_xlfn.XLOOKUP($C34,'FASE 2 '!$C$408:$Q$408,'FASE 2 '!$C$413:$Q$413) -> 0 | H34: =+_xlfn.XLOOKUP($C34,'FASE 2 '!$C$408:$Q$408,'FASE 2 '!$C$414:$Q$414) -> 0 | I34: =+_xlfn.XLOOKUP($C34,'FASE 2 '!$C$408:$Q$408,'FASE 2 '!$C$415:$Q$415) -> 0 | J34: =+_xlfn.XLOOKUP($C34,'FASE 2 '!$C$408:$Q$408,'FASE 2 '!$C$416:$Q$416) -> 0 | K34: =+_xlfn.XLOOKUP($C34,'FASE 2 '!$C$408:$Q$408,'FASE 2 '!$C$417:$Q$417) -> 0 | L34: =+_xlfn.XLOOKUP($C34,'FASE 2 '!$C$408:$Q$408,'FASE 2 '!$C$418:$Q$418) -> 0 | M34: =+_xlfn.XLOOKUP($C34,'FASE 2 '!$C$408:$Q$408,'FASE 2 '!#REF!) -> #REF! | N34: =+_xlfn.XLOOKUP($C34,'FASE 2 '!$C$408:$Q$408,'FASE 2 '!#REF!) -> #REF! | O34: =+_xlfn.XLOOKUP($C34,'FASE 2 '!$C$408:$Q$408,'FASE 2 '!#REF!) -> #REF! | P34: =+AVERAGE(D34:O34) -> #REF! | Q34: =P34 -> #REF!
C35: Instalación Marco Puerta Acceso | D35: =+_xlfn.XLOOKUP($C35,'FASE 2 '!$C$408:$Q$408,'FASE 2 '!$C$410:$Q$410) -> 0.083333333 | E35: =+_xlfn.XLOOKUP($C35,'FASE 2 '!$C$408:$Q$408,'FASE 2 '!$C$411:$Q$411) -> 0 | F35: =+_xlfn.XLOOKUP($C35,'FASE 2 '!$C$408:$Q$408,'FASE 2 '!$C$412:$Q$412) -> 0 | G35: =+_xlfn.XLOOKUP($C35,'FASE 2 '!$C$408:$Q$408,'FASE 2 '!$C$413:$Q$413) -> 0 | H35: =+_xlfn.XLOOKUP($C35,'FASE 2 '!$C$408:$Q$408,'FASE 2 '!$C$414:$Q$414) -> 0 | I35: =+_xlfn.XLOOKUP($C35,'FASE 2 '!$C$408:$Q$408,'FASE 2 '!$C$415:$Q$415) -> 0 | J35: =+_xlfn.XLOOKUP($C35,'FASE 2 '!$C$408:$Q$408,'FASE 2 '!$C$416:$Q$416) -> 0 | K35: =+_xlfn.XLOOKUP($C35,'FASE 2 '!$C$408:$Q$408,'FASE 2 '!$C$417:$Q$417) -> 0 | L35: =+_xlfn.XLOOKUP($C35,'FASE 2 '!$C$408:$Q$408,'FASE 2 '!$C$418:$Q$418) -> 0 | M35: =+_xlfn.XLOOKUP($C35,'FASE 2 '!$C$408:$Q$408,'FASE 2 '!#REF!) -> #REF! | N35: =+_xlfn.XLOOKUP($C35,'FASE 2 '!$C$408:$Q$408,'FASE 2 '!#REF!) -> #REF! | O35: =+_xlfn.XLOOKUP($C35,'FASE 2 '!$C$408:$Q$408,'FASE 2 '!#REF!) -> #REF! | P35: =+AVERAGE(D35:O35) -> #REF! | Q35: =P35 -> #REF!
C36: Marcos Puertas Interiores | D36: =+_xlfn.XLOOKUP($C36,'FASE 2 '!$C$408:$Q$408,'FASE 2 '!$C$410:$Q$410) -> 0.083333333 | E36: =+_xlfn.XLOOKUP($C36,'FASE 2 '!$C$408:$Q$408,'FASE 2 '!$C$411:$Q$411) -> 0 | F36: =+_xlfn.XLOOKUP($C36,'FASE 2 '!$C$408:$Q$408,'FASE 2 '!$C$412:$Q$412) -> 0 | G36: =+_xlfn.XLOOKUP($C36,'FASE 2 '!$C$408:$Q$408,'FASE 2 '!$C$413:$Q$413) -> 0 | H36: =+_xlfn.XLOOKUP($C36,'FASE 2 '!$C$408:$Q$408,'FASE 2 '!$C$414:$Q$414) -> 0 | I36: =+_xlfn.XLOOKUP($C36,'FASE 2 '!$C$408:$Q$408,'FASE 2 '!$C$415:$Q$415) -> 0 | J36: =+_xlfn.XLOOKUP($C36,'FASE 2 '!$C$408:$Q$408,'FASE 2 '!$C$416:$Q$416) -> 0 | K36: =+_xlfn.XLOOKUP($C36,'FASE 2 '!$C$408:$Q$408,'FASE 2 '!$C$417:$Q$417) -> 0 | L36: =+_xlfn.XLOOKUP($C36,'FASE 2 '!$C$408:$Q$408,'FASE 2 '!$C$418:$Q$418) -> 0 | M36: =+_xlfn.XLOOKUP($C36,'FASE 2 '!$C$408:$Q$408,'FASE 2 '!#REF!) -> #REF! | N36: =+_xlfn.XLOOKUP($C36,'FASE 2 '!$C$408:$Q$408,'FASE 2 '!#REF!) -> #REF! | O36: =+_xlfn.XLOOKUP($C36,'FASE 2 '!$C$408:$Q$408,'FASE 2 '!#REF!) -> #REF! | P36: =+AVERAGE(D36:O36) -> #REF! | Q36: =P36 -> #REF!
C37: Impermeabilizacion Baños | D37: =+_xlfn.XLOOKUP($C37,'FASE 2 '!$C$408:$Q$408,'FASE 2 '!$C$410:$Q$410) -> 0.36666667 | E37: =+_xlfn.XLOOKUP($C37,'FASE 2 '!$C$408:$Q$408,'FASE 2 '!$C$411:$Q$411) -> 0 | F37: =+_xlfn.XLOOKUP($C37,'FASE 2 '!$C$408:$Q$408,'FASE 2 '!$C$412:$Q$412) -> 0 | G37: =+_xlfn.XLOOKUP($C37,'FASE 2 '!$C$408:$Q$408,'FASE 2 '!$C$413:$Q$413) -> 0 | H37: =+_xlfn.XLOOKUP($C37,'FASE 2 '!$C$408:$Q$408,'FASE 2 '!$C$414:$Q$414) -> 0 | I37: =+_xlfn.XLOOKUP($C37,'FASE 2 '!$C$408:$Q$408,'FASE 2 '!$C$415:$Q$415) -> 0 | J37: =+_xlfn.XLOOKUP($C37,'FASE 2 '!$C$408:$Q$408,'FASE 2 '!$C$416:$Q$416) -> 0 | K37: =+_xlfn.XLOOKUP($C37,'FASE 2 '!$C$408:$Q$408,'FASE 2 '!$C$417:$Q$417) -> 0 | L37: =+_xlfn.XLOOKUP($C37,'FASE 2 '!$C$408:$Q$408,'FASE 2 '!$C$418:$Q$418) -> 0 | M37: =+_xlfn.XLOOKUP($C37,'FASE 2 '!$C$408:$Q$408,'FASE 2 '!#REF!) -> #REF! | N37: =+_xlfn.XLOOKUP($C37,'FASE 2 '!$C$408:$Q$408,'FASE 2 '!#REF!) -> #REF! | O37: =+_xlfn.XLOOKUP($C37,'FASE 2 '!$C$408:$Q$408,'FASE 2 '!#REF!) -> #REF! | P37: =+AVERAGE(D37:O37) -> #REF! | Q37: =P37 -> #REF!
C38: Impermeabilizacion Terrazas | D38: =+_xlfn.XLOOKUP($C38,'FASE 2 '!$C$408:$Q$408,'FASE 2 '!$C$410:$Q$410) -> 0.16666667 | E38: =+_xlfn.XLOOKUP($C38,'FASE 2 '!$C$408:$Q$408,'FASE 2 '!$C$411:$Q$411) -> 0 | F38: =+_xlfn.XLOOKUP($C38,'FASE 2 '!$C$408:$Q$408,'FASE 2 '!$C$412:$Q$412) -> 0 | G38: =+_xlfn.XLOOKUP($C38,'FASE 2 '!$C$408:$Q$408,'FASE 2 '!$C$413:$Q$413) -> 0 | H38: =+_xlfn.XLOOKUP($C38,'FASE 2 '!$C$408:$Q$408,'FASE 2 '!$C$414:$Q$414) -> 0 | I38: =+_xlfn.XLOOKUP($C38,'FASE 2 '!$C$408:$Q$408,'FASE 2 '!$C$415:$Q$415) -> 0 | J38: =+_xlfn.XLOOKUP($C38,'FASE 2 '!$C$408:$Q$408,'FASE 2 '!$C$416:$Q$416) -> 0 | K38: =+_xlfn.XLOOKUP($C38,'FASE 2 '!$C$408:$Q$408,'FASE 2 '!$C$417:$Q$417) -> 0 | L38: =+_xlfn.XLOOKUP($C38,'FASE 2 '!$C$408:$Q$408,'FASE 2 '!$C$418:$Q$418) -> 0 | M38: =+_xlfn.XLOOKUP($C38,'FASE 2 '!$C$408:$Q$408,'FASE 2 '!#REF!) -> #REF! | N38: =+_xlfn.XLOOKUP($C38,'FASE 2 '!$C$408:$Q$408,'FASE 2 '!#REF!) -> #REF! | O38: =+_xlfn.XLOOKUP($C38,'FASE 2 '!$C$408:$Q$408,'FASE 2 '!#REF!) -> #REF! | P38: =+AVERAGE(D38:O38) -> #REF! | Q38: =P38 -> #REF!
C39: Preparación de Pisos | D39: =+_xlfn.XLOOKUP($C39,'FASE 2 '!$C$408:$Q$408,'FASE 2 '!$C$410:$Q$410) -> 0.34583333 | E39: =+_xlfn.XLOOKUP($C39,'FASE 2 '!$C$408:$Q$408,'FASE 2 '!$C$411:$Q$411) -> 0 | F39: =+_xlfn.XLOOKUP($C39,'FASE 2 '!$C$408:$Q$408,'FASE 2 '!$C$412:$Q$412) -> 0 | G39: =+_xlfn.XLOOKUP($C39,'FASE 2 '!$C$408:$Q$408,'FASE 2 '!$C$413:$Q$413) -> 0 | H39: =+_xlfn.XLOOKUP($C39,'FASE 2 '!$C$408:$Q$408,'FASE 2 '!$C$414:$Q$414) -> 0 | I39: =+_xlfn.XLOOKUP($C39,'FASE 2 '!$C$408:$Q$408,'FASE 2 '!$C$415:$Q$415) -> 0 | J39: =+_xlfn.XLOOKUP($C39,'FASE 2 '!$C$408:$Q$408,'FASE 2 '!$C$416:$Q$416) -> 0 | K39: =+_xlfn.XLOOKUP($C39,'FASE 2 '!$C$408:$Q$408,'FASE 2 '!$C$417:$Q$417) -> 0 | L39: =+_xlfn.XLOOKUP($C39,'FASE 2 '!$C$408:$Q$408,'FASE 2 '!$C$418:$Q$418) -> 0 | M39: =+_xlfn.XLOOKUP($C39,'FASE 2 '!$C$408:$Q$408,'FASE 2 '!#REF!) -> #REF! | N39: =+_xlfn.XLOOKUP($C39,'FASE 2 '!$C$408:$Q$408,'FASE 2 '!#REF!) -> #REF! | O39: =+_xlfn.XLOOKUP($C39,'FASE 2 '!$C$408:$Q$408,'FASE 2 '!#REF!) -> #REF! | P39: =+AVERAGE(D39:O39) -> #REF! | Q39: =P39 -> #REF!
C40: Instalacion de tina/Receptaculo | D40: =+_xlfn.XLOOKUP($C40,'FASE 2 '!$C$408:$Q$408,'FASE 2 '!$C$410:$Q$410) -> 0.083333333 | E40: =+_xlfn.XLOOKUP($C40,'FASE 2 '!$C$408:$Q$408,'FASE 2 '!$C$411:$Q$411) -> 0 | F40: =+_xlfn.XLOOKUP($C40,'FASE 2 '!$C$408:$Q$408,'FASE 2 '!$C$412:$Q$412) -> 0 | G40: =+_xlfn.XLOOKUP($C40,'FASE 2 '!$C$408:$Q$408,'FASE 2 '!$C$413:$Q$413) -> 0 | H40: =+_xlfn.XLOOKUP($C40,'FASE 2 '!$C$408:$Q$408,'FASE 2 '!$C$414:$Q$414) -> 0 | I40: =+_xlfn.XLOOKUP($C40,'FASE 2 '!$C$408:$Q$408,'FASE 2 '!$C$415:$Q$415) -> 0 | J40: =+_xlfn.XLOOKUP($C40,'FASE 2 '!$C$408:$Q$408,'FASE 2 '!$C$416:$Q$416) -> 0 | K40: =+_xlfn.XLOOKUP($C40,'FASE 2 '!$C$408:$Q$408,'FASE 2 '!$C$417:$Q$417) -> 0 | L40: =+_xlfn.XLOOKUP($C40,'FASE 2 '!$C$408:$Q$408,'FASE 2 '!$C$418:$Q$418) -> 0 | M40: =+_xlfn.XLOOKUP($C40,'FASE 2 '!$C$408:$Q$408,'FASE 2 '!#REF!) -> #REF! | N40: =+_xlfn.XLOOKUP($C40,'FASE 2 '!$C$408:$Q$408,'FASE 2 '!#REF!) -> #REF! | O40: =+_xlfn.XLOOKUP($C40,'FASE 2 '!$C$408:$Q$408,'FASE 2 '!#REF!) -> #REF! | P40: =+AVERAGE(D40:O40) -> #REF! | Q40: =P40 -> #REF!
C41: Protección Tina/receptaculo | D41: =+_xlfn.XLOOKUP($C41,'FASE 2 '!$C$408:$Q$408,'FASE 2 '!$C$410:$Q$410) -> 0.083333333 | E41: =+_xlfn.XLOOKUP($C41,'FASE 2 '!$C$408:$Q$408,'FASE 2 '!$C$411:$Q$411) -> 0 | F41: =+_xlfn.XLOOKUP($C41,'FASE 2 '!$C$408:$Q$408,'FASE 2 '!$C$412:$Q$412) -> 0 | G41: =+_xlfn.XLOOKUP($C41,'FASE 2 '!$C$408:$Q$408,'FASE 2 '!$C$413:$Q$413) -> 0 | H41: =+_xlfn.XLOOKUP($C41,'FASE 2 '!$C$408:$Q$408,'FASE 2 '!$C$414:$Q$414) -> 0 | I41: =+_xlfn.XLOOKUP($C41,'FASE 2 '!$C$408:$Q$408,'FASE 2 '!$C$415:$Q$415) -> 0 | J41: =+_xlfn.XLOOKUP($C41,'FASE 2 '!$C$408:$Q$408,'FASE 2 '!$C$416:$Q$416) -> 0 | K41: =+_xlfn.XLOOKUP($C41,'FASE 2 '!$C$408:$Q$408,'FASE 2 '!$C$417:$Q$417) -> 0 | L41: =+_xlfn.XLOOKUP($C41,'FASE 2 '!$C$408:$Q$408,'FASE 2 '!$C$418:$Q$418) -> 0 | M41: =+_xlfn.XLOOKUP($C41,'FASE 2 '!$C$408:$Q$408,'FASE 2 '!#REF!) -> #REF! | N41: =+_xlfn.XLOOKUP($C41,'FASE 2 '!$C$408:$Q$408,'FASE 2 '!#REF!) -> #REF! | O41: =+_xlfn.XLOOKUP($C41,'FASE 2 '!$C$408:$Q$408,'FASE 2 '!#REF!) -> #REF! | P41: =+AVERAGE(D41:O41) -> #REF! | Q41: =P41 -> #REF!
C42: Faldon de tina. | D42: =+_xlfn.XLOOKUP($C42,'FASE 2 '!$C$408:$Q$408,'FASE 2 '!$C$410:$Q$410) -> 0.083333333 | E42: =+_xlfn.XLOOKUP($C42,'FASE 2 '!$C$408:$Q$408,'FASE 2 '!$C$411:$Q$411) -> 0 | F42: =+_xlfn.XLOOKUP($C42,'FASE 2 '!$C$408:$Q$408,'FASE 2 '!$C$412:$Q$412) -> 0 | G42: =+_xlfn.XLOOKUP($C42,'FASE 2 '!$C$408:$Q$408,'FASE 2 '!$C$413:$Q$413) -> 0 | H42: =+_xlfn.XLOOKUP($C42,'FASE 2 '!$C$408:$Q$408,'FASE 2 '!$C$414:$Q$414) -> 0 | I42: =+_xlfn.XLOOKUP($C42,'FASE 2 '!$C$408:$Q$408,'FASE 2 '!$C$415:$Q$415) -> 0 | J42: =+_xlfn.XLOOKUP($C42,'FASE 2 '!$C$408:$Q$408,'FASE 2 '!$C$416:$Q$416) -> 0 | K42: =+_xlfn.XLOOKUP($C42,'FASE 2 '!$C$408:$Q$408,'FASE 2 '!$C$417:$Q$417) -> 0 | L42: =+_xlfn.XLOOKUP($C42,'FASE 2 '!$C$408:$Q$408,'FASE 2 '!$C$418:$Q$418) -> 0 | M42: =+_xlfn.XLOOKUP($C42,'FASE 2 '!$C$408:$Q$408,'FASE 2 '!#REF!) -> #REF! | N42: =+_xlfn.XLOOKUP($C42,'FASE 2 '!$C$408:$Q$408,'FASE 2 '!#REF!) -> #REF! | O42: =+_xlfn.XLOOKUP($C42,'FASE 2 '!$C$408:$Q$408,'FASE 2 '!#REF!) -> #REF! | P42: =+AVERAGE(D42:O42) -> #REF! | Q42: =P42 -> #REF!
C43: Instalación Ventana | D43: =+_xlfn.XLOOKUP($C43,'FASE 2 '!$C$408:$Q$408,'FASE 2 '!$C$410:$Q$410) -> 0.083333333 | E43: =+_xlfn.XLOOKUP($C43,'FASE 2 '!$C$408:$Q$408,'FASE 2 '!$C$411:$Q$411) -> 0 | F43: =+_xlfn.XLOOKUP($C43,'FASE 2 '!$C$408:$Q$408,'FASE 2 '!$C$412:$Q$412) -> 0 | G43: =+_xlfn.XLOOKUP($C43,'FASE 2 '!$C$408:$Q$408,'FASE 2 '!$C$413:$Q$413) -> 0 | H43: =+_xlfn.XLOOKUP($C43,'FASE 2 '!$C$408:$Q$408,'FASE 2 '!$C$414:$Q$414) -> 0 | I43: =+_xlfn.XLOOKUP($C43,'FASE 2 '!$C$408:$Q$408,'FASE 2 '!$C$415:$Q$415) -> 0 | J43: =+_xlfn.XLOOKUP($C43,'FASE 2 '!$C$408:$Q$408,'FASE 2 '!$C$416:$Q$416) -> 0 | K43: =+_xlfn.XLOOKUP($C43,'FASE 2 '!$C$408:$Q$408,'FASE 2 '!$C$417:$Q$417) -> 0 | L43: =+_xlfn.XLOOKUP($C43,'FASE 2 '!$C$408:$Q$408,'FASE 2 '!$C$418:$Q$418) -> 0 | M43: =+_xlfn.XLOOKUP($C43,'FASE 2 '!$C$408:$Q$408,'FASE 2 '!#REF!) -> #REF! | N43: =+_xlfn.XLOOKUP($C43,'FASE 2 '!$C$408:$Q$408,'FASE 2 '!#REF!) -> #REF! | O43: =+_xlfn.XLOOKUP($C43,'FASE 2 '!$C$408:$Q$408,'FASE 2 '!#REF!) -> #REF! | P43: =+AVERAGE(D43:O43) -> #REF! | Q43: =P43 -> #REF!
C44: Ceramica Pisos | D44: =+_xlfn.XLOOKUP($C44,'FASE 2 '!$C$408:$Q$408,'FASE 2 '!$C$410:$Q$410) -> 0.041666667 | E44: =+_xlfn.XLOOKUP($C44,'FASE 2 '!$C$408:$Q$408,'FASE 2 '!$C$411:$Q$411) -> 0 | F44: =+_xlfn.XLOOKUP($C44,'FASE 2 '!$C$408:$Q$408,'FASE 2 '!$C$412:$Q$412) -> 0 | G44: =+_xlfn.XLOOKUP($C44,'FASE 2 '!$C$408:$Q$408,'FASE 2 '!$C$413:$Q$413) -> 0 | H44: =+_xlfn.XLOOKUP($C44,'FASE 2 '!$C$408:$Q$408,'FASE 2 '!$C$414:$Q$414) -> 0 | I44: =+_xlfn.XLOOKUP($C44,'FASE 2 '!$C$408:$Q$408,'FASE 2 '!$C$415:$Q$415) -> 0 | J44: =+_xlfn.XLOOKUP($C44,'FASE 2 '!$C$408:$Q$408,'FASE 2 '!$C$416:$Q$416) -> 0 | K44: =+_xlfn.XLOOKUP($C44,'FASE 2 '!$C$408:$Q$408,'FASE 2 '!$C$417:$Q$417) -> 0 | L44: =+_xlfn.XLOOKUP($C44,'FASE 2 '!$C$408:$Q$408,'FASE 2 '!$C$418:$Q$418) -> 0 | M44: =+_xlfn.XLOOKUP($C44,'FASE 2 '!$C$408:$Q$408,'FASE 2 '!#REF!) -> #REF! | N44: =+_xlfn.XLOOKUP($C44,'FASE 2 '!$C$408:$Q$408,'FASE 2 '!#REF!) -> #REF! | O44: =+_xlfn.XLOOKUP($C44,'FASE 2 '!$C$408:$Q$408,'FASE 2 '!#REF!) -> #REF! | P44: =+AVERAGE(D44:O44) -> #REF! | Q44: =P44 -> #REF!
C45: Ceramica Muros | D45: =+_xlfn.XLOOKUP($C45,'FASE 2 '!$C$408:$Q$408,'FASE 2 '!$C$410:$Q$410) -> 0.041666667 | E45: =+_xlfn.XLOOKUP($C45,'FASE 2 '!$C$408:$Q$408,'FASE 2 '!$C$411:$Q$411) -> 0 | F45: =+_xlfn.XLOOKUP($C45,'FASE 2 '!$C$408:$Q$408,'FASE 2 '!$C$412:$Q$412) -> 0 | G45: =+_xlfn.XLOOKUP($C45,'FASE 2 '!$C$408:$Q$408,'FASE 2 '!$C$413:$Q$413) -> 0 | H45: =+_xlfn.XLOOKUP($C45,'FASE 2 '!$C$408:$Q$408,'FASE 2 '!$C$414:$Q$414) -> 0 | I45: =+_xlfn.XLOOKUP($C45,'FASE 2 '!$C$408:$Q$408,'FASE 2 '!$C$415:$Q$415) -> 0 | J45: =+_xlfn.XLOOKUP($C45,'FASE 2 '!$C$408:$Q$408,'FASE 2 '!$C$416:$Q$416) -> 0 | K45: =+_xlfn.XLOOKUP($C45,'FASE 2 '!$C$408:$Q$408,'FASE 2 '!$C$417:$Q$417) -> 0 | L45: =+_xlfn.XLOOKUP($C45,'FASE 2 '!$C$408:$Q$408,'FASE 2 '!$C$418:$Q$418) -> 0 | M45: =+_xlfn.XLOOKUP($C45,'FASE 2 '!$C$408:$Q$408,'FASE 2 '!#REF!) -> #REF! | N45: =+_xlfn.XLOOKUP($C45,'FASE 2 '!$C$408:$Q$408,'FASE 2 '!#REF!) -> #REF! | O45: =+_xlfn.XLOOKUP($C45,'FASE 2 '!$C$408:$Q$408,'FASE 2 '!#REF!) -> #REF! | P45: =+AVERAGE(D45:O45) -> #REF! | Q45: =P45 -> #REF!
C46: Instalación de Gargolas en Terraza | D46: =+_xlfn.XLOOKUP($C46,'FASE 2 '!$C$408:$Q$408,'FASE 2 '!$C$410:$Q$410) -> 0 | E46: =+_xlfn.XLOOKUP($C46,'FASE 2 '!$C$408:$Q$408,'FASE 2 '!$C$410:$Q$410) -> 0 | F46: =+_xlfn.XLOOKUP($C46,'FASE 2 '!$C$408:$Q$408,'FASE 2 '!$C$410:$Q$410) -> 0 | G46: =+_xlfn.XLOOKUP($C46,'FASE 2 '!$C$408:$Q$408,'FASE 2 '!$C$410:$Q$410) -> 0 | H46: =+_xlfn.XLOOKUP($C46,'FASE 2 '!$C$408:$Q$408,'FASE 2 '!$C$410:$Q$410) -> 0 | I46: =+_xlfn.XLOOKUP($C46,'FASE 2 '!$C$408:$Q$408,'FASE 2 '!$C$410:$Q$410) -> 0 | J46: =+_xlfn.XLOOKUP($C46,'FASE 2 '!$C$408:$Q$408,'FASE 2 '!$C$410:$Q$410) -> 0 | K46: =+_xlfn.XLOOKUP($C46,'FASE 2 '!$C$408:$Q$408,'FASE 2 '!$C$410:$Q$410) -> 0 | ... O46: =+_xlfn.XLOOKUP($C46,'FASE 2 '!$C$408:$Q$408,'FASE 2 '!$C$410:$Q$410) -> 0 | P46: =+AVERAGE(D46:O46) -> 0 | Q46: =P46 -> 0
C47: Frague | D47: =+_xlfn.XLOOKUP($C47,'FASE 2 '!$C$408:$Q$408,'FASE 2 '!$C$410:$Q$410) -> 0.041666667 | E47: =+_xlfn.XLOOKUP($C47,'FASE 2 '!$C$408:$Q$408,'FASE 2 '!$C$411:$Q$411) -> 0 | F47: =+_xlfn.XLOOKUP($C47,'FASE 2 '!$C$408:$Q$408,'FASE 2 '!$C$412:$Q$412) -> 0 | G47: =+_xlfn.XLOOKUP($C47,'FASE 2 '!$C$408:$Q$408,'FASE 2 '!$C$413:$Q$413) -> 0 | H47: =+_xlfn.XLOOKUP($C47,'FASE 2 '!$C$408:$Q$408,'FASE 2 '!$C$414:$Q$414) -> 0 | I47: =+_xlfn.XLOOKUP($C47,'FASE 2 '!$C$408:$Q$408,'FASE 2 '!$C$415:$Q$415) -> 0 | J47: =+_xlfn.XLOOKUP($C47,'FASE 2 '!$C$408:$Q$408,'FASE 2 '!$C$416:$Q$416) -> 0 | K47: =+_xlfn.XLOOKUP($C47,'FASE 2 '!$C$408:$Q$408,'FASE 2 '!$C$417:$Q$417) -> 0 | L47: =+_xlfn.XLOOKUP($C47,'FASE 2 '!$C$408:$Q$408,'FASE 2 '!$C$418:$Q$418) -> 0 | M47: =+_xlfn.XLOOKUP($C47,'FASE 2 '!$C$408:$Q$408,'FASE 2 '!#REF!) -> #REF! | N47: =+_xlfn.XLOOKUP($C47,'FASE 2 '!$C$408:$Q$408,'FASE 2 '!#REF!) -> #REF! | O47: =+_xlfn.XLOOKUP($C47,'FASE 2 '!$C$408:$Q$408,'FASE 2 '!#REF!) -> #REF! | P47: =+AVERAGE(D47:O47) -> #REF! | Q47: =P47 -> #REF!
C48: Cerámica de Terrazas | D48: =+_xlfn.XLOOKUP($C48,'FASE 2 '!$C$408:$Q$408,'FASE 2 '!$C$410:$Q$410) -> 0.125 | E48: =+_xlfn.XLOOKUP($C48,'FASE 2 '!$C$408:$Q$408,'FASE 2 '!$C$411:$Q$411) -> 0 | F48: =+_xlfn.XLOOKUP($C48,'FASE 2 '!$C$408:$Q$408,'FASE 2 '!$C$412:$Q$412) -> 0 | G48: =+_xlfn.XLOOKUP($C48,'FASE 2 '!$C$408:$Q$408,'FASE 2 '!$C$413:$Q$413) -> 0 | H48: =+_xlfn.XLOOKUP($C48,'FASE 2 '!$C$408:$Q$408,'FASE 2 '!$C$414:$Q$414) -> 0 | I48: =+_xlfn.XLOOKUP($C48,'FASE 2 '!$C$408:$Q$408,'FASE 2 '!$C$415:$Q$415) -> 0 | J48: =+_xlfn.XLOOKUP($C48,'FASE 2 '!$C$408:$Q$408,'FASE 2 '!$C$416:$Q$416) -> 0 | K48: =+_xlfn.XLOOKUP($C48,'FASE 2 '!$C$408:$Q$408,'FASE 2 '!$C$417:$Q$417) -> 0 | L48: =+_xlfn.XLOOKUP($C48,'FASE 2 '!$C$408:$Q$408,'FASE 2 '!$C$418:$Q$418) -> 0 | M48: =+_xlfn.XLOOKUP($C48,'FASE 2 '!$C$408:$Q$408,'FASE 2 '!#REF!) -> #REF! | N48: =+_xlfn.XLOOKUP($C48,'FASE 2 '!$C$408:$Q$408,'FASE 2 '!#REF!) -> #REF! | O48: =+_xlfn.XLOOKUP($C48,'FASE 2 '!$C$408:$Q$408,'FASE 2 '!#REF!) -> #REF! | P48: =+AVERAGE(D48:O48) -> #REF! | Q48: =P48 -> #REF!
B49: FASE 3 | Q49: ENERO | R49: FEBRERO | S49: MARZO | T49: ABRIL | U49: MAYO | V49: JUNIO
Q50: =+F9 -> 0.25 | R50: =+H9 -> 0.41666667 | S50: =+J9 -> 0.58333333 | T50: =+L9 -> 0.75 | U50: =+N9 -> 0.91666667 | V50: =+O9 -> 1
C51: Instalación piernas de closet | D51: =+_xlfn.XLOOKUP($C51,'FASE 3 '!$C$408:$W$408,'FASE 3 '!$C$410:$W$410) -> 0 | E51: =+_xlfn.XLOOKUP($C51,'FASE 3 '!$C$408:$W$408,'FASE 3 '!$C$411:$W$411) -> 0 | F51: =+_xlfn.XLOOKUP($C51,'FASE 3 '!$C$408:$W$408,'FASE 3 '!$C$412:$W$412) -> 0 | G51: =+_xlfn.XLOOKUP($C51,'FASE 3 '!$C$408:$W$408,'FASE 3 '!$C$413:$W$413) -> 0 | H51: =+_xlfn.XLOOKUP($C51,'FASE 3 '!$C$408:$W$408,'FASE 3 '!$C$414:$W$414) -> 0 | I51: =+_xlfn.XLOOKUP($C51,'FASE 3 '!$C$408:$W$408,'FASE 3 '!$C$415:$W$415) -> 0 | J51: =+_xlfn.XLOOKUP($C51,'FASE 3 '!$C$408:$W$408,'FASE 3 '!$C$416:$W$416) -> 0 | K51: =+_xlfn.XLOOKUP($C51,'FASE 3 '!$C$408:$W$408,'FASE 3 '!$C$417:$W$417) -> 0 | L51: =+_xlfn.XLOOKUP($C51,'FASE 3 '!$C$408:$W$408,'FASE 3 '!$C$418:$W$418) -> 0 | M51: =+_xlfn.XLOOKUP($C51,'FASE 3 '!$C$408:$W$408,'FASE 3 '!#REF!) -> #REF! | N51: =+_xlfn.XLOOKUP($C51,'FASE 3 '!$C$408:$W$408,'FASE 3 '!#REF!) -> #REF! | O51: =+_xlfn.XLOOKUP($C51,'FASE 3 '!$C$408:$W$408,'FASE 3 '!#REF!) -> #REF! | P51: =+AVERAGE(D51:O51) -> #REF! | Q51: =P51 -> #REF!
C52: Instalación Cornisas | D52: =+_xlfn.XLOOKUP($C52,'FASE 3 '!$C$408:$W$408,'FASE 3 '!$C$410:$W$410) -> 0.083333333 | E52: =+_xlfn.XLOOKUP($C52,'FASE 3 '!$C$408:$W$408,'FASE 3 '!$C$411:$W$411) -> 0 | F52: =+_xlfn.XLOOKUP($C52,'FASE 3 '!$C$408:$W$408,'FASE 3 '!$C$412:$W$412) -> 0 | G52: =+_xlfn.XLOOKUP($C52,'FASE 3 '!$C$408:$W$408,'FASE 3 '!$C$413:$W$413) -> 0 | H52: =+_xlfn.XLOOKUP($C52,'FASE 3 '!$C$408:$W$408,'FASE 3 '!$C$414:$W$414) -> 0 | I52: =+_xlfn.XLOOKUP($C52,'FASE 3 '!$C$408:$W$408,'FASE 3 '!$C$415:$W$415) -> 0 | J52: =+_xlfn.XLOOKUP($C52,'FASE 3 '!$C$408:$W$408,'FASE 3 '!$C$416:$W$416) -> 0 | K52: =+_xlfn.XLOOKUP($C52,'FASE 3 '!$C$408:$W$408,'FASE 3 '!$C$417:$W$417) -> 0 | L52: =+_xlfn.XLOOKUP($C52,'FASE 3 '!$C$408:$W$408,'FASE 3 '!$C$418:$W$418) -> 0 | M52: =+_xlfn.XLOOKUP($C52,'FASE 3 '!$C$408:$W$408,'FASE 3 '!#REF!) -> #REF! | N52: =+_xlfn.XLOOKUP($C52,'FASE 3 '!$C$408:$W$408,'FASE 3 '!#REF!) -> #REF! | O52: =+_xlfn.XLOOKUP($C52,'FASE 3 '!$C$408:$W$408,'FASE 3 '!#REF!) -> #REF! | P52: =+AVERAGE(D52:O52) -> #REF! | Q52: =P52 -> #REF!
C53: Cuadratura de cajas. | D53: =+_xlfn.XLOOKUP($C53,'FASE 3 '!$C$408:$W$408,'FASE 3 '!$C$410:$W$410) -> 0.33333333 | E53: =+_xlfn.XLOOKUP($C53,'FASE 3 '!$C$408:$W$408,'FASE 3 '!$C$411:$W$411) -> 0 | F53: =+_xlfn.XLOOKUP($C53,'FASE 3 '!$C$408:$W$408,'FASE 3 '!$C$412:$W$412) -> 0 | G53: =+_xlfn.XLOOKUP($C53,'FASE 3 '!$C$408:$W$408,'FASE 3 '!$C$413:$W$413) -> 0 | H53: =+_xlfn.XLOOKUP($C53,'FASE 3 '!$C$408:$W$408,'FASE 3 '!$C$414:$W$414) -> 0 | I53: =+_xlfn.XLOOKUP($C53,'FASE 3 '!$C$408:$W$408,'FASE 3 '!$C$415:$W$415) -> 0 | J53: =+_xlfn.XLOOKUP($C53,'FASE 3 '!$C$408:$W$408,'FASE 3 '!$C$416:$W$416) -> 0 | K53: =+_xlfn.XLOOKUP($C53,'FASE 3 '!$C$408:$W$408,'FASE 3 '!$C$417:$W$417) -> 0 | L53: =+_xlfn.XLOOKUP($C53,'FASE 3 '!$C$408:$W$408,'FASE 3 '!$C$418:$W$418) -> 0 | M53: =+_xlfn.XLOOKUP($C53,'FASE 3 '!$C$408:$W$408,'FASE 3 '!#REF!) -> #REF! | N53: =+_xlfn.XLOOKUP($C53,'FASE 3 '!$C$408:$W$408,'FASE 3 '!#REF!) -> #REF! | O53: =+_xlfn.XLOOKUP($C53,'FASE 3 '!$C$408:$W$408,'FASE 3 '!#REF!) -> #REF! | P53: =+AVERAGE(D53:O53) -> #REF! | Q53: =P53 -> #REF!
C54: Remate yeso y cornisas | D54: =+_xlfn.XLOOKUP($C54,'FASE 3 '!$C$408:$W$408,'FASE 3 '!$C$410:$W$410) -> 0.083333333 | E54: =+_xlfn.XLOOKUP($C54,'FASE 3 '!$C$408:$W$408,'FASE 3 '!$C$411:$W$411) -> 0 | F54: =+_xlfn.XLOOKUP($C54,'FASE 3 '!$C$408:$W$408,'FASE 3 '!$C$412:$W$412) -> 0 | G54: =+_xlfn.XLOOKUP($C54,'FASE 3 '!$C$408:$W$408,'FASE 3 '!$C$413:$W$413) -> 0 | H54: =+_xlfn.XLOOKUP($C54,'FASE 3 '!$C$408:$W$408,'FASE 3 '!$C$414:$W$414) -> 0 | I54: =+_xlfn.XLOOKUP($C54,'FASE 3 '!$C$408:$W$408,'FASE 3 '!$C$415:$W$415) -> 0 | J54: =+_xlfn.XLOOKUP($C54,'FASE 3 '!$C$408:$W$408,'FASE 3 '!$C$416:$W$416) -> 0 | K54: =+_xlfn.XLOOKUP($C54,'FASE 3 '!$C$408:$W$408,'FASE 3 '!$C$417:$W$417) -> 0 | L54: =+_xlfn.XLOOKUP($C54,'FASE 3 '!$C$408:$W$408,'FASE 3 '!$C$418:$W$418) -> 0 | M54: =+_xlfn.XLOOKUP($C54,'FASE 3 '!$C$408:$W$408,'FASE 3 '!#REF!) -> #REF! | N54: =+_xlfn.XLOOKUP($C54,'FASE 3 '!$C$408:$W$408,'FASE 3 '!#REF!) -> #REF! | O54: =+_xlfn.XLOOKUP($C54,'FASE 3 '!$C$408:$W$408,'FASE 3 '!#REF!) -> #REF! | P54: =+AVERAGE(D54:O54) -> #REF! | Q54: =P54 -> #REF!
C55: Puertas interiores | D55: =+_xlfn.XLOOKUP($C55,'FASE 3 '!$C$408:$W$408,'FASE 3 '!$C$410:$W$410) -> 0.083333333 | E55: =+_xlfn.XLOOKUP($C55,'FASE 3 '!$C$408:$W$408,'FASE 3 '!$C$411:$W$411) -> 0 | F55: =+_xlfn.XLOOKUP($C55,'FASE 3 '!$C$408:$W$408,'FASE 3 '!$C$412:$W$412) -> 0 | G55: =+_xlfn.XLOOKUP($C55,'FASE 3 '!$C$408:$W$408,'FASE 3 '!$C$413:$W$413) -> 0 | H55: =+_xlfn.XLOOKUP($C55,'FASE 3 '!$C$408:$W$408,'FASE 3 '!$C$414:$W$414) -> 0 | I55: =+_xlfn.XLOOKUP($C55,'FASE 3 '!$C$408:$W$408,'FASE 3 '!$C$415:$W$415) -> 0 | J55: =+_xlfn.XLOOKUP($C55,'FASE 3 '!$C$408:$W$408,'FASE 3 '!$C$416:$W$416) -> 0 | K55: =+_xlfn.XLOOKUP($C55,'FASE 3 '!$C$408:$W$408,'FASE 3 '!$C$417:$W$417) -> 0 | L55: =+_xlfn.XLOOKUP($C55,'FASE 3 '!$C$408:$W$408,'FASE 3 '!$C$418:$W$418) -> 0 | M55: =+_xlfn.XLOOKUP($C55,'FASE 3 '!$C$408:$W$408,'FASE 3 '!#REF!) -> #REF! | N55: =+_xlfn.XLOOKUP($C55,'FASE 3 '!$C$408:$W$408,'FASE 3 '!#REF!) -> #REF! | O55: =+_xlfn.XLOOKUP($C55,'FASE 3 '!$C$408:$W$408,'FASE 3 '!#REF!) -> #REF! | P55: =+AVERAGE(D55:O55) -> #REF! | Q55: =P55 -> #REF!
C56: Puertas de acceso y pasillo | D56: =+_xlfn.XLOOKUP($C56,'FASE 3 '!$C$408:$W$408,'FASE 3 '!$C$410:$W$410) -> 0 | E56: =+_xlfn.XLOOKUP($C56,'FASE 3 '!$C$408:$W$408,'FASE 3 '!$C$411:$W$411) -> 0 | F56: =+_xlfn.XLOOKUP($C56,'FASE 3 '!$C$408:$W$408,'FASE 3 '!$C$412:$W$412) -> 0 | G56: =+_xlfn.XLOOKUP($C56,'FASE 3 '!$C$408:$W$408,'FASE 3 '!$C$413:$W$413) -> 0 | H56: =+_xlfn.XLOOKUP($C56,'FASE 3 '!$C$408:$W$408,'FASE 3 '!$C$414:$W$414) -> 0 | I56: =+_xlfn.XLOOKUP($C56,'FASE 3 '!$C$408:$W$408,'FASE 3 '!$C$415:$W$415) -> 0 | J56: =+_xlfn.XLOOKUP($C56,'FASE 3 '!$C$408:$W$408,'FASE 3 '!$C$416:$W$416) -> 0 | K56: =+_xlfn.XLOOKUP($C56,'FASE 3 '!$C$408:$W$408,'FASE 3 '!$C$417:$W$417) -> 0 | L56: =+_xlfn.XLOOKUP($C56,'FASE 3 '!$C$408:$W$408,'FASE 3 '!$C$418:$W$418) -> 0 | M56: =+_xlfn.XLOOKUP($C56,'FASE 3 '!$C$408:$W$408,'FASE 3 '!#REF!) -> #REF! | N56: =+_xlfn.XLOOKUP($C56,'FASE 3 '!$C$408:$W$408,'FASE 3 '!#REF!) -> #REF! | O56: =+_xlfn.XLOOKUP($C56,'FASE 3 '!$C$408:$W$408,'FASE 3 '!#REF!) -> #REF! | P56: =+AVERAGE(D56:O56) -> #REF! | Q56: =P56 -> #REF!
C57: Cerradura Puertas | D57: =+_xlfn.XLOOKUP($C57,'FASE 3 '!$C$408:$W$408,'FASE 3 '!$C$410:$W$410) -> 0.083333333 | E57: =+_xlfn.XLOOKUP($C57,'FASE 3 '!$C$408:$W$408,'FASE 3 '!$C$411:$W$411) -> 0 | F57: =+_xlfn.XLOOKUP($C57,'FASE 3 '!$C$408:$W$408,'FASE 3 '!$C$412:$W$412) -> 0 | G57: =+_xlfn.XLOOKUP($C57,'FASE 3 '!$C$408:$W$408,'FASE 3 '!$C$413:$W$413) -> 0 | H57: =+_xlfn.XLOOKUP($C57,'FASE 3 '!$C$408:$W$408,'FASE 3 '!$C$414:$W$414) -> 0 | I57: =+_xlfn.XLOOKUP($C57,'FASE 3 '!$C$408:$W$408,'FASE 3 '!$C$415:$W$415) -> 0 | J57: =+_xlfn.XLOOKUP($C57,'FASE 3 '!$C$408:$W$408,'FASE 3 '!$C$416:$W$416) -> 0 | K57: =+_xlfn.XLOOKUP($C57,'FASE 3 '!$C$408:$W$408,'FASE 3 '!$C$417:$W$417) -> 0 | L57: =+_xlfn.XLOOKUP($C57,'FASE 3 '!$C$408:$W$408,'FASE 3 '!$C$418:$W$418) -> 0 | M57: =+_xlfn.XLOOKUP($C57,'FASE 3 '!$C$408:$W$408,'FASE 3 '!#REF!) -> #REF! | N57: =+_xlfn.XLOOKUP($C57,'FASE 3 '!$C$408:$W$408,'FASE 3 '!#REF!) -> #REF! | O57: =+_xlfn.XLOOKUP($C57,'FASE 3 '!$C$408:$W$408,'FASE 3 '!#REF!) -> #REF! | P57: =+AVERAGE(D57:O57) -> #REF! | Q57: =P57 -> #REF!
C58: Cableado Eléctrico y CCDD | D58: =+_xlfn.XLOOKUP($C58,'FASE 3 '!$C$408:$W$408,'FASE 3 '!$C$410:$W$410) -> 0.083333333 | E58: =+_xlfn.XLOOKUP($C58,'FASE 3 '!$C$408:$W$408,'FASE 3 '!$C$411:$W$411) -> 0 | F58: =+_xlfn.XLOOKUP($C58,'FASE 3 '!$C$408:$W$408,'FASE 3 '!$C$412:$W$412) -> 0 | G58: =+_xlfn.XLOOKUP($C58,'FASE 3 '!$C$408:$W$408,'FASE 3 '!$C$413:$W$413) -> 0 | H58: =+_xlfn.XLOOKUP($C58,'FASE 3 '!$C$408:$W$408,'FASE 3 '!$C$414:$W$414) -> 0 | I58: =+_xlfn.XLOOKUP($C58,'FASE 3 '!$C$408:$W$408,'FASE 3 '!$C$415:$W$415) -> 0 | J58: =+_xlfn.XLOOKUP($C58,'FASE 3 '!$C$408:$W$408,'FASE 3 '!$C$416:$W$416) -> 0 | K58: =+_xlfn.XLOOKUP($C58,'FASE 3 '!$C$408:$W$408,'FASE 3 '!$C$417:$W$417) -> 0 | L58: =+_xlfn.XLOOKUP($C58,'FASE 3 '!$C$408:$W$408,'FASE 3 '!$C$418:$W$418) -> 0 | M58: =+_xlfn.XLOOKUP($C58,'FASE 3 '!$C$408:$W$408,'FASE 3 '!#REF!) -> #REF! | N58: =+_xlfn.XLOOKUP($C58,'FASE 3 '!$C$408:$W$408,'FASE 3 '!#REF!) -> #REF! | O58: =+_xlfn.XLOOKUP($C58,'FASE 3 '!$C$408:$W$408,'FASE 3 '!#REF!) -> #REF! | P58: =+AVERAGE(D58:O58) -> #REF! | Q58: =P58 -> #REF!
C59: Canterias | D59: =+_xlfn.XLOOKUP($C59,'FASE 3 '!$C$408:$W$408,'FASE 3 '!$C$410:$W$410) -> 0 | E59: =+_xlfn.XLOOKUP($C59,'FASE 3 '!$C$408:$W$408,'FASE 3 '!$C$411:$W$411) -> 0 | F59: =+_xlfn.XLOOKUP($C59,'FASE 3 '!$C$408:$W$408,'FASE 3 '!$C$412:$W$412) -> 0 | G59: =+_xlfn.XLOOKUP($C59,'FASE 3 '!$C$408:$W$408,'FASE 3 '!$C$413:$W$413) -> 0 | H59: =+_xlfn.XLOOKUP($C59,'FASE 3 '!$C$408:$W$408,'FASE 3 '!$C$414:$W$414) -> 0 | I59: =+_xlfn.XLOOKUP($C59,'FASE 3 '!$C$408:$W$408,'FASE 3 '!$C$415:$W$415) -> 0 | J59: =+_xlfn.XLOOKUP($C59,'FASE 3 '!$C$408:$W$408,'FASE 3 '!$C$416:$W$416) -> 0 | K59: =+_xlfn.XLOOKUP($C59,'FASE 3 '!$C$408:$W$408,'FASE 3 '!$C$417:$W$417) -> 0 | L59: =+_xlfn.XLOOKUP($C59,'FASE 3 '!$C$408:$W$408,'FASE 3 '!$C$418:$W$418) -> 0 | M59: =+_xlfn.XLOOKUP($C59,'FASE 3 '!$C$408:$W$408,'FASE 3 '!#REF!) -> #REF! | N59: =+_xlfn.XLOOKUP($C59,'FASE 3 '!$C$408:$W$408,'FASE 3 '!#REF!) -> #REF! | O59: =+_xlfn.XLOOKUP($C59,'FASE 3 '!$C$408:$W$408,'FASE 3 '!#REF!) -> #REF! | P59: =+AVERAGE(D59:O59) -> #REF! | Q59: =P59 -> #REF!
C60: Empaste Muro Cielo | D60: =+_xlfn.XLOOKUP($C60,'FASE 3 '!$C$408:$W$408,'FASE 3 '!$C$410:$W$410) -> 0.083333333 | E60: =+_xlfn.XLOOKUP($C60,'FASE 3 '!$C$408:$W$408,'FASE 3 '!$C$411:$W$411) -> 0 | F60: =+_xlfn.XLOOKUP($C60,'FASE 3 '!$C$408:$W$408,'FASE 3 '!$C$412:$W$412) -> 0 | G60: =+_xlfn.XLOOKUP($C60,'FASE 3 '!$C$408:$W$408,'FASE 3 '!$C$413:$W$413) -> 0 | H60: =+_xlfn.XLOOKUP($C60,'FASE 3 '!$C$408:$W$408,'FASE 3 '!$C$414:$W$414) -> 0 | I60: =+_xlfn.XLOOKUP($C60,'FASE 3 '!$C$408:$W$408,'FASE 3 '!$C$415:$W$415) -> 0 | J60: =+_xlfn.XLOOKUP($C60,'FASE 3 '!$C$408:$W$408,'FASE 3 '!$C$416:$W$416) -> 0 | K60: =+_xlfn.XLOOKUP($C60,'FASE 3 '!$C$408:$W$408,'FASE 3 '!$C$417:$W$417) -> 0 | L60: =+_xlfn.XLOOKUP($C60,'FASE 3 '!$C$408:$W$408,'FASE 3 '!$C$418:$W$418) -> 0 | M60: =+_xlfn.XLOOKUP($C60,'FASE 3 '!$C$408:$W$408,'FASE 3 '!#REF!) -> #REF! | N60: =+_xlfn.XLOOKUP($C60,'FASE 3 '!$C$408:$W$408,'FASE 3 '!#REF!) -> #REF! | O60: =+_xlfn.XLOOKUP($C60,'FASE 3 '!$C$408:$W$408,'FASE 3 '!#REF!) -> #REF! | P60: =+AVERAGE(D60:O60) -> #REF! | Q60: =P60 -> #REF!
C61: Instalacion Guardapolvo | D61: =+_xlfn.XLOOKUP($C61,'FASE 3 '!$C$408:$W$408,'FASE 3 '!$C$410:$W$410) -> 0.083333333 | E61: =+_xlfn.XLOOKUP($C61,'FASE 3 '!$C$408:$W$408,'FASE 3 '!$C$411:$W$411) -> 0 | F61: =+_xlfn.XLOOKUP($C61,'FASE 3 '!$C$408:$W$408,'FASE 3 '!$C$412:$W$412) -> 0 | G61: =+_xlfn.XLOOKUP($C61,'FASE 3 '!$C$408:$W$408,'FASE 3 '!$C$413:$W$413) -> 0 | H61: =+_xlfn.XLOOKUP($C61,'FASE 3 '!$C$408:$W$408,'FASE 3 '!$C$414:$W$414) -> 0 | I61: =+_xlfn.XLOOKUP($C61,'FASE 3 '!$C$408:$W$408,'FASE 3 '!$C$415:$W$415) -> 0 | J61: =+_xlfn.XLOOKUP($C61,'FASE 3 '!$C$408:$W$408,'FASE 3 '!$C$416:$W$416) -> 0 | K61: =+_xlfn.XLOOKUP($C61,'FASE 3 '!$C$408:$W$408,'FASE 3 '!$C$417:$W$417) -> 0 | L61: =+_xlfn.XLOOKUP($C61,'FASE 3 '!$C$408:$W$408,'FASE 3 '!$C$418:$W$418) -> 0 | M61: =+_xlfn.XLOOKUP($C61,'FASE 3 '!$C$408:$W$408,'FASE 3 '!#REF!) -> #REF! | N61: =+_xlfn.XLOOKUP($C61,'FASE 3 '!$C$408:$W$408,'FASE 3 '!#REF!) -> #REF! | O61: =+_xlfn.XLOOKUP($C61,'FASE 3 '!$C$408:$W$408,'FASE 3 '!#REF!) -> #REF! | P61: =+AVERAGE(D61:O61) -> #REF! | Q61: =P61 -> #REF!
C62: Instalación de Baranda de Crital | D62: =+_xlfn.XLOOKUP($C62,'FASE 3 '!$C$408:$W$408,'FASE 3 '!$C$410:$W$410) -> 0.083333333 | E62: =+_xlfn.XLOOKUP($C62,'FASE 3 '!$C$408:$W$408,'FASE 3 '!$C$411:$W$411) -> 0 | F62: =+_xlfn.XLOOKUP($C62,'FASE 3 '!$C$408:$W$408,'FASE 3 '!$C$412:$W$412) -> 0 | G62: =+_xlfn.XLOOKUP($C62,'FASE 3 '!$C$408:$W$408,'FASE 3 '!$C$413:$W$413) -> 0 | H62: =+_xlfn.XLOOKUP($C62,'FASE 3 '!$C$408:$W$408,'FASE 3 '!$C$414:$W$414) -> 0 | I62: =+_xlfn.XLOOKUP($C62,'FASE 3 '!$C$408:$W$408,'FASE 3 '!$C$415:$W$415) -> 0 | J62: =+_xlfn.XLOOKUP($C62,'FASE 3 '!$C$408:$W$408,'FASE 3 '!$C$416:$W$416) -> 0 | K62: =+_xlfn.XLOOKUP($C62,'FASE 3 '!$C$408:$W$408,'FASE 3 '!$C$417:$W$417) -> 0 | L62: =+_xlfn.XLOOKUP($C62,'FASE 3 '!$C$408:$W$408,'FASE 3 '!$C$418:$W$418) -> 0 | M62: =+_xlfn.XLOOKUP($C62,'FASE 3 '!$C$408:$W$408,'FASE 3 '!#REF!) -> #REF! | N62: =+_xlfn.XLOOKUP($C62,'FASE 3 '!$C$408:$W$408,'FASE 3 '!#REF!) -> #REF! | O62: =+_xlfn.XLOOKUP($C62,'FASE 3 '!$C$408:$W$408,'FASE 3 '!#REF!) -> #REF! | P62: =+AVERAGE(D62:O62) -> #REF! | Q62: =P62 -> #REF!
... C71: Muebles Interior closet | D71: =+_xlfn.XLOOKUP($C71,'FASE 3 '!$C$408:$W$408,'FASE 3 '!$C$410:$W$410) -> 0 | E71: =+_xlfn.XLOOKUP($C71,'FASE 3 '!$C$408:$W$408,'FASE 3 '!$C$411:$W$411) -> 0 | F71: =+_xlfn.XLOOKUP($C71,'FASE 3 '!$C$408:$W$408,'FASE 3 '!$C$412:$W$412) -> 0 | G71: =+_xlfn.XLOOKUP($C71,'FASE 3 '!$C$408:$W$408,'FASE 3 '!$C$413:$W$413) -> 0 | H71: =+_xlfn.XLOOKUP($C71,'FASE 3 '!$C$408:$W$408,'FASE 3 '!$C$414:$W$414) -> 0 | I71: =+_xlfn.XLOOKUP($C71,'FASE 3 '!$C$408:$W$408,'FASE 3 '!$C$415:$W$415) -> 0 | J71: =+_xlfn.XLOOKUP($C71,'FASE 3 '!$C$408:$W$408,'FASE 3 '!$C$416:$W$416) -> 0 | K71: =+_xlfn.XLOOKUP($C71,'FASE 3 '!$C$408:$W$408,'FASE 3 '!$C$417:$W$417) -> 0 | L71: =+_xlfn.XLOOKUP($C71,'FASE 3 '!$C$408:$W$408,'FASE 3 '!$C$418:$W$418) -> 0 | M71: =+_xlfn.XLOOKUP($C71,'FASE 3 '!$C$408:$W$408,'FASE 3 '!#REF!) -> #REF! | N71: =+_xlfn.XLOOKUP($C71,'FASE 3 '!$C$408:$W$408,'FASE 3 '!#REF!) -> #REF! | O71: =+_xlfn.XLOOKUP($C71,'FASE 3 '!$C$408:$W$408,'FASE 3 '!#REF!) -> #REF! | P71: =+AVERAGE(D71:O71) -> #REF! | Q71: =P71 -> #REF!
B72: FASE 4 | Q72: FEBRERO | R72: MARZO | S72: ABRIL | T72: MAYO | U72: JUNIO | V72: JULIO
Q73: =+F9 -> 0.25 | R73: =+H9 -> 0.41666667 | S73: =+J9 -> 0.58333333 | T73: =+L9 -> 0.75 | U73: =+N9 -> 0.91666667 | V73: =+O9 -> 1
C74: Instalacion de Artefactos Sanitarios. | D74: =_xlfn.XLOOKUP($C74,'FASE 4'!$C$407:$N$407,'FASE 4'!$C$409:$N$409) -> 0 | E74: =_xlfn.XLOOKUP($C74,'FASE 4'!$C$407:$N$407,'FASE 4'!$C$410:$N$410) -> 0 | F74: =_xlfn.XLOOKUP($C74,'FASE 4'!$C$407:$N$407,'FASE 4'!$C$411:$N$411) -> 0 | G74: =_xlfn.XLOOKUP($C74,'FASE 4'!$C$407:$N$407,'FASE 4'!$C$412:$N$412) -> 0 | H74: =_xlfn.XLOOKUP($C74,'FASE 4'!$C$407:$N$407,'FASE 4'!$C$413:$N$413) -> 0 | I74: =_xlfn.XLOOKUP($C74,'FASE 4'!$C$407:$N$407,'FASE 4'!$C$414:$N$414) -> 0 | J74: =_xlfn.XLOOKUP($C74,'FASE 4'!$C$407:$N$407,'FASE 4'!$C$415:$N$415) -> 0 | K74: =_xlfn.XLOOKUP($C74,'FASE 4'!$C$407:$N$407,'FASE 4'!$C$416:$N$416) -> 0 | L74: =_xlfn.XLOOKUP($C74,'FASE 4'!$C$407:$N$407,'FASE 4'!$C$417:$N$417) -> 0 | M74: =_xlfn.XLOOKUP($C74,'FASE 4'!$C$407:$N$407,'FASE 4'!#REF!) -> #REF! | N74: =_xlfn.XLOOKUP($C74,'FASE 4'!$C$407:$N$407,'FASE 4'!#REF!) -> #REF! | O74: =_xlfn.XLOOKUP($C74,'FASE 4'!$C$407:$N$407,'FASE 4'!#REF!) -> #REF! | P74: =+AVERAGE(D74:O74) -> #REF! | Q74: =P74 -> #REF!
C75: Extractor de baño. | D75: =_xlfn.XLOOKUP($C75,'FASE 4'!$C$407:$N$407,'FASE 4'!$C$409:$N$409) -> 0 | E75: =_xlfn.XLOOKUP($C75,'FASE 4'!$C$407:$N$407,'FASE 4'!$C$410:$N$410) -> 0 | F75: =_xlfn.XLOOKUP($C75,'FASE 4'!$C$407:$N$407,'FASE 4'!$C$411:$N$411) -> 0 | G75: =_xlfn.XLOOKUP($C75,'FASE 4'!$C$407:$N$407,'FASE 4'!$C$412:$N$412) -> 0 | H75: =_xlfn.XLOOKUP($C75,'FASE 4'!$C$407:$N$407,'FASE 4'!$C$413:$N$413) -> 0 | I75: =_xlfn.XLOOKUP($C75,'FASE 4'!$C$407:$N$407,'FASE 4'!$C$414:$N$414) -> 0 | J75: =_xlfn.XLOOKUP($C75,'FASE 4'!$C$407:$N$407,'FASE 4'!$C$415:$N$415) -> 0 | K75: =_xlfn.XLOOKUP($C75,'FASE 4'!$C$407:$N$407,'FASE 4'!$C$416:$N$416) -> 0 | L75: =_xlfn.XLOOKUP($C75,'FASE 4'!$C$407:$N$407,'FASE 4'!$C$417:$N$417) -> 0 | M75: =_xlfn.XLOOKUP($C75,'FASE 4'!$C$407:$N$407,'FASE 4'!#REF!) -> #REF! | N75: =_xlfn.XLOOKUP($C75,'FASE 4'!$C$407:$N$407,'FASE 4'!#REF!) -> #REF! | O75: =_xlfn.XLOOKUP($C75,'FASE 4'!$C$407:$N$407,'FASE 4'!#REF!) -> #REF! | P75: =+AVERAGE(D75:O75) -> #REF! | Q75: =P75 -> #REF!
C76: 1° mano de Pintura (interior closet+ puertas) | D76: =_xlfn.XLOOKUP($C76,'FASE 4'!$C$407:$N$407,'FASE 4'!$C$409:$N$409) -> #N/A | E76: =_xlfn.XLOOKUP($C76,'FASE 4'!$C$407:$N$407,'FASE 4'!$C$410:$N$410) -> #N/A | F76: =_xlfn.XLOOKUP($C76,'FASE 4'!$C$407:$N$407,'FASE 4'!$C$411:$N$411) -> #N/A | G76: =_xlfn.XLOOKUP($C76,'FASE 4'!$C$407:$N$407,'FASE 4'!$C$412:$N$412) -> #N/A | H76: =_xlfn.XLOOKUP($C76,'FASE 4'!$C$407:$N$407,'FASE 4'!$C$413:$N$413) -> #N/A | I76: =_xlfn.XLOOKUP($C76,'FASE 4'!$C$407:$N$407,'FASE 4'!$C$414:$N$414) -> #N/A | J76: =_xlfn.XLOOKUP($C76,'FASE 4'!$C$407:$N$407,'FASE 4'!$C$415:$N$415) -> #N/A | K76: =_xlfn.XLOOKUP($C76,'FASE 4'!$C$407:$N$407,'FASE 4'!$C$416:$N$416) -> #N/A | L76: =_xlfn.XLOOKUP($C76,'FASE 4'!$C$407:$N$407,'FASE 4'!$C$417:$N$417) -> #N/A | M76: =_xlfn.XLOOKUP($C76,'FASE 4'!$C$407:$N$407,'FASE 4'!#REF!) -> #REF! | N76: =_xlfn.XLOOKUP($C76,'FASE 4'!$C$407:$N$407,'FASE 4'!#REF!) -> #REF! | O76: =_xlfn.XLOOKUP($C76,'FASE 4'!$C$407:$N$407,'FASE 4'!#REF!) -> #REF! | P76: =+AVERAGE(D76:O76) -> #N/A | Q76: =P76 -> #N/A
C77: Instalacion de Espejos. | D77: =_xlfn.XLOOKUP($C77,'FASE 4'!$C$407:$N$407,'FASE 4'!$C$409:$N$409) -> #N/A | E77: =_xlfn.XLOOKUP($C77,'FASE 4'!$C$407:$N$407,'FASE 4'!$C$410:$N$410) -> #N/A | F77: =_xlfn.XLOOKUP($C77,'FASE 4'!$C$407:$N$407,'FASE 4'!$C$411:$N$411) -> #N/A | G77: =_xlfn.XLOOKUP($C77,'FASE 4'!$C$407:$N$407,'FASE 4'!$C$412:$N$412) -> #N/A | H77: =_xlfn.XLOOKUP($C77,'FASE 4'!$C$407:$N$407,'FASE 4'!$C$413:$N$413) -> #N/A | I77: =_xlfn.XLOOKUP($C77,'FASE 4'!$C$407:$N$407,'FASE 4'!$C$414:$N$414) -> #N/A | J77: =_xlfn.XLOOKUP($C77,'FASE 4'!$C$407:$N$407,'FASE 4'!$C$415:$N$415) -> #N/A | K77: =_xlfn.XLOOKUP($C77,'FASE 4'!$C$407:$N$407,'FASE 4'!$C$416:$N$416) -> #N/A | L77: =_xlfn.XLOOKUP($C77,'FASE 4'!$C$407:$N$407,'FASE 4'!$C$417:$N$417) -> #N/A | M77: =_xlfn.XLOOKUP($C77,'FASE 4'!$C$407:$N$407,'FASE 4'!#REF!) -> #REF! | N77: =_xlfn.XLOOKUP($C77,'FASE 4'!$C$407:$N$407,'FASE 4'!#REF!) -> #REF! | O77: =_xlfn.XLOOKUP($C77,'FASE 4'!$C$407:$N$407,'FASE 4'!#REF!) -> #REF! | P77: =+AVERAGE(D77:O77) -> #N/A | Q77: =P77 -> #N/A
C78: Kit de cocina (Horno-Encimera -Campana - Lavaplato) | D78: =_xlfn.XLOOKUP($C78,'FASE 4'!$C$407:$N$407,'FASE 4'!$C$409:$N$409) -> 0 | E78: =_xlfn.XLOOKUP($C78,'FASE 4'!$C$407:$N$407,'FASE 4'!$C$410:$N$410) -> 0 | F78: =_xlfn.XLOOKUP($C78,'FASE 4'!$C$407:$N$407,'FASE 4'!$C$411:$N$411) -> 0 | G78: =_xlfn.XLOOKUP($C78,'FASE 4'!$C$407:$N$407,'FASE 4'!$C$412:$N$412) -> 0 | H78: =_xlfn.XLOOKUP($C78,'FASE 4'!$C$407:$N$407,'FASE 4'!$C$413:$N$413) -> 0 | I78: =_xlfn.XLOOKUP($C78,'FASE 4'!$C$407:$N$407,'FASE 4'!$C$414:$N$414) -> 0 | J78: =_xlfn.XLOOKUP($C78,'FASE 4'!$C$407:$N$407,'FASE 4'!$C$415:$N$415) -> 0 | K78: =_xlfn.XLOOKUP($C78,'FASE 4'!$C$407:$N$407,'FASE 4'!$C$416:$N$416) -> 0 | L78: =_xlfn.XLOOKUP($C78,'FASE 4'!$C$407:$N$407,'FASE 4'!$C$417:$N$417) -> 0 | M78: =_xlfn.XLOOKUP($C78,'FASE 4'!$C$407:$N$407,'FASE 4'!#REF!) -> #REF! | N78: =_xlfn.XLOOKUP($C78,'FASE 4'!$C$407:$N$407,'FASE 4'!#REF!) -> #REF! | O78: =_xlfn.XLOOKUP($C78,'FASE 4'!$C$407:$N$407,'FASE 4'!#REF!) -> #REF! | P78: =+AVERAGE(D78:O78) -> #REF! | Q78: =P78 -> #REF!
C79: Griferia. | D79: =_xlfn.XLOOKUP($C79,'FASE 4'!$C$407:$N$407,'FASE 4'!$C$409:$N$409) -> 0 | E79: =_xlfn.XLOOKUP($C79,'FASE 4'!$C$407:$N$407,'FASE 4'!$C$410:$N$410) -> 0 | F79: =_xlfn.XLOOKUP($C79,'FASE 4'!$C$407:$N$407,'FASE 4'!$C$411:$N$411) -> 0 | G79: =_xlfn.XLOOKUP($C79,'FASE 4'!$C$407:$N$407,'FASE 4'!$C$412:$N$412) -> 0 | H79: =_xlfn.XLOOKUP($C79,'FASE 4'!$C$407:$N$407,'FASE 4'!$C$413:$N$413) -> 0 | I79: =_xlfn.XLOOKUP($C79,'FASE 4'!$C$407:$N$407,'FASE 4'!$C$414:$N$414) -> 0 | J79: =_xlfn.XLOOKUP($C79,'FASE 4'!$C$407:$N$407,'FASE 4'!$C$415:$N$415) -> 0 | K79: =_xlfn.XLOOKUP($C79,'FASE 4'!$C$407:$N$407,'FASE 4'!$C$416:$N$416) -> 0 | L79: =_xlfn.XLOOKUP($C79,'FASE 4'!$C$407:$N$407,'FASE 4'!$C$417:$N$417) -> 0 | M79: =_xlfn.XLOOKUP($C79,'FASE 4'!$C$407:$N$407,'FASE 4'!#REF!) -> #REF! | N79: =_xlfn.XLOOKUP($C79,'FASE 4'!$C$407:$N$407,'FASE 4'!#REF!) -> #REF! | O79: =_xlfn.XLOOKUP($C79,'FASE 4'!$C$407:$N$407,'FASE 4'!#REF!) -> #REF! | P79: =+AVERAGE(D79:O79) -> #REF! | Q79: =P79 -> #REF!
C80: Pruebas de Instalaciones. | D80: =_xlfn.XLOOKUP($C80,'FASE 4'!$C$407:$N$407,'FASE 4'!$C$409:$N$409) -> 0 | E80: =_xlfn.XLOOKUP($C80,'FASE 4'!$C$407:$N$407,'FASE 4'!$C$410:$N$410) -> 0 | F80: =_xlfn.XLOOKUP($C80,'FASE 4'!$C$407:$N$407,'FASE 4'!$C$411:$N$411) -> 0 | G80: =_xlfn.XLOOKUP($C80,'FASE 4'!$C$407:$N$407,'FASE 4'!$C$412:$N$412) -> 0 | H80: =_xlfn.XLOOKUP($C80,'FASE 4'!$C$407:$N$407,'FASE 4'!$C$413:$N$413) -> 0 | I80: =_xlfn.XLOOKUP($C80,'FASE 4'!$C$407:$N$407,'FASE 4'!$C$414:$N$414) -> 0 | J80: =_xlfn.XLOOKUP($C80,'FASE 4'!$C$407:$N$407,'FASE 4'!$C$415:$N$415) -> 0 | K80: =_xlfn.XLOOKUP($C80,'FASE 4'!$C$407:$N$407,'FASE 4'!$C$416:$N$416) -> 0 | L80: =_xlfn.XLOOKUP($C80,'FASE 4'!$C$407:$N$407,'FASE 4'!$C$417:$N$417) -> 0 | M80: =_xlfn.XLOOKUP($C80,'FASE 4'!$C$407:$N$407,'FASE 4'!#REF!) -> #REF! | N80: =_xlfn.XLOOKUP($C80,'FASE 4'!$C$407:$N$407,'FASE 4'!#REF!) -> #REF! | O80: =_xlfn.XLOOKUP($C80,'FASE 4'!$C$407:$N$407,'FASE 4'!#REF!) -> #REF! | P80: =+AVERAGE(D80:O80) -> #REF! | Q80: =P80 -> #REF!
C81: Piso Flotante + cubrejunta + junquillo | D81: =_xlfn.XLOOKUP($C81,'FASE 4'!$C$407:$N$407,'FASE 4'!$C$409:$N$409) -> 0 | E81: =_xlfn.XLOOKUP($C81,'FASE 4'!$C$407:$N$407,'FASE 4'!$C$410:$N$410) -> 0 | F81: =_xlfn.XLOOKUP($C81,'FASE 4'!$C$407:$N$407,'FASE 4'!$C$411:$N$411) -> 0 | G81: =_xlfn.XLOOKUP($C81,'FASE 4'!$C$407:$N$407,'FASE 4'!$C$412:$N$412) -> 0 | H81: =_xlfn.XLOOKUP($C81,'FASE 4'!$C$407:$N$407,'FASE 4'!$C$413:$N$413) -> 0 | I81: =_xlfn.XLOOKUP($C81,'FASE 4'!$C$407:$N$407,'FASE 4'!$C$414:$N$414) -> 0 | J81: =_xlfn.XLOOKUP($C81,'FASE 4'!$C$407:$N$407,'FASE 4'!$C$415:$N$415) -> 0 | K81: =_xlfn.XLOOKUP($C81,'FASE 4'!$C$407:$N$407,'FASE 4'!$C$416:$N$416) -> 0 | L81: =_xlfn.XLOOKUP($C81,'FASE 4'!$C$407:$N$407,'FASE 4'!$C$417:$N$417) -> 0 | M81: =_xlfn.XLOOKUP($C81,'FASE 4'!$C$407:$N$407,'FASE 4'!#REF!) -> #REF! | N81: =_xlfn.XLOOKUP($C81,'FASE 4'!$C$407:$N$407,'FASE 4'!#REF!) -> #REF! | O81: =_xlfn.XLOOKUP($C81,'FASE 4'!$C$407:$N$407,'FASE 4'!#REF!) -> #REF! | P81: =+AVERAGE(D81:O81) -> #REF! | Q81: =P81 -> #REF!
C82: Protección Piso Flotante | D82: =_xlfn.XLOOKUP($C82,'FASE 4'!$C$407:$N$407,'FASE 4'!$C$409:$N$409) -> 0 | E82: =_xlfn.XLOOKUP($C82,'FASE 4'!$C$407:$N$407,'FASE 4'!$C$410:$N$410) -> 0 | F82: =_xlfn.XLOOKUP($C82,'FASE 4'!$C$407:$N$407,'FASE 4'!$C$411:$N$411) -> 0 | G82: =_xlfn.XLOOKUP($C82,'FASE 4'!$C$407:$N$407,'FASE 4'!$C$412:$N$412) -> 0 | H82: =_xlfn.XLOOKUP($C82,'FASE 4'!$C$407:$N$407,'FASE 4'!$C$413:$N$413) -> 0 | I82: =_xlfn.XLOOKUP($C82,'FASE 4'!$C$407:$N$407,'FASE 4'!$C$414:$N$414) -> 0 | J82: =_xlfn.XLOOKUP($C82,'FASE 4'!$C$407:$N$407,'FASE 4'!$C$415:$N$415) -> 0 | K82: =_xlfn.XLOOKUP($C82,'FASE 4'!$C$407:$N$407,'FASE 4'!$C$416:$N$416) -> 0 | L82: =_xlfn.XLOOKUP($C82,'FASE 4'!$C$407:$N$407,'FASE 4'!$C$417:$N$417) -> 0 | M82: =_xlfn.XLOOKUP($C82,'FASE 4'!$C$407:$N$407,'FASE 4'!#REF!) -> #REF! | N82: =_xlfn.XLOOKUP($C82,'FASE 4'!$C$407:$N$407,'FASE 4'!#REF!) -> #REF! | O82: =_xlfn.XLOOKUP($C82,'FASE 4'!$C$407:$N$407,'FASE 4'!#REF!) -> #REF! | P82: =+AVERAGE(D82:O82) -> #REF! | Q82: =P82 -> #REF!
C83: (2°) Segunda Mano Pintura Interior | D83: =_xlfn.XLOOKUP($C83,'FASE 4'!$C$407:$N$407,'FASE 4'!$C$409:$N$409) -> #N/A | E83: =_xlfn.XLOOKUP($C83,'FASE 4'!$C$407:$N$407,'FASE 4'!$C$410:$N$410) -> #N/A | F83: =_xlfn.XLOOKUP($C83,'FASE 4'!$C$407:$N$407,'FASE 4'!$C$411:$N$411) -> #N/A | G83: =_xlfn.XLOOKUP($C83,'FASE 4'!$C$407:$N$407,'FASE 4'!$C$412:$N$412) -> #N/A | H83: =_xlfn.XLOOKUP($C83,'FASE 4'!$C$407:$N$407,'FASE 4'!$C$413:$N$413) -> #N/A | I83: =_xlfn.XLOOKUP($C83,'FASE 4'!$C$407:$N$407,'FASE 4'!$C$414:$N$414) -> #N/A | J83: =_xlfn.XLOOKUP($C83,'FASE 4'!$C$407:$N$407,'FASE 4'!$C$415:$N$415) -> #N/A | K83: =_xlfn.XLOOKUP($C83,'FASE 4'!$C$407:$N$407,'FASE 4'!$C$416:$N$416) -> #N/A | L83: =_xlfn.XLOOKUP($C83,'FASE 4'!$C$407:$N$407,'FASE 4'!$C$417:$N$417) -> #N/A | M83: =_xlfn.XLOOKUP($C83,'FASE 4'!$C$407:$N$407,'FASE 4'!#REF!) -> #REF! | N83: =_xlfn.XLOOKUP($C83,'FASE 4'!$C$407:$N$407,'FASE 4'!#REF!) -> #REF! | O83: =_xlfn.XLOOKUP($C83,'FASE 4'!$C$407:$N$407,'FASE 4'!#REF!) -> #REF! | P83: =+AVERAGE(D83:O83) -> #N/A | Q83: =P83 -> #N/A
C84: 2° mano de pintura. (puertas, , cielo de baño, ) | D84: =_xlfn.XLOOKUP($C84,'FASE 4'!$C$407:$N$407,'FASE 4'!$C$409:$N$409) -> #N/A | E84: =_xlfn.XLOOKUP($C84,'FASE 4'!$C$407:$N$407,'FASE 4'!$C$410:$N$410) -> #N/A | F84: =_xlfn.XLOOKUP($C84,'FASE 4'!$C$407:$N$407,'FASE 4'!$C$411:$N$411) -> #N/A | G84: =_xlfn.XLOOKUP($C84,'FASE 4'!$C$407:$N$407,'FASE 4'!$C$412:$N$412) -> #N/A | H84: =_xlfn.XLOOKUP($C84,'FASE 4'!$C$407:$N$407,'FASE 4'!$C$413:$N$413) -> #N/A | I84: =_xlfn.XLOOKUP($C84,'FASE 4'!$C$407:$N$407,'FASE 4'!$C$414:$N$414) -> #N/A | J84: =_xlfn.XLOOKUP($C84,'FASE 4'!$C$407:$N$407,'FASE 4'!$C$415:$N$415) -> #N/A | K84: =_xlfn.XLOOKUP($C84,'FASE 4'!$C$407:$N$407,'FASE 4'!$C$416:$N$416) -> #N/A | L84: =_xlfn.XLOOKUP($C84,'FASE 4'!$C$407:$N$407,'FASE 4'!$C$417:$N$417) -> #N/A | M84: =_xlfn.XLOOKUP($C84,'FASE 4'!$C$407:$N$407,'FASE 4'!#REF!) -> #REF! | N84: =_xlfn.XLOOKUP($C84,'FASE 4'!$C$407:$N$407,'FASE 4'!#REF!) -> #REF! | O84: =_xlfn.XLOOKUP($C84,'FASE 4'!$C$407:$N$407,'FASE 4'!#REF!) -> #REF! | P84: =+AVERAGE(D84:O84) -> #N/A | Q84: =P84 -> #N/A
C85: Topes en piso y Accesorios | D85: =_xlfn.XLOOKUP($C85,'FASE 4'!$C$407:$N$407,'FASE 4'!$C$409:$N$409) -> 0 | E85: =_xlfn.XLOOKUP($C85,'FASE 4'!$C$407:$N$407,'FASE 4'!$C$410:$N$410) -> 0 | F85: =_xlfn.XLOOKUP($C85,'FASE 4'!$C$407:$N$407,'FASE 4'!$C$411:$N$411) -> 0 | G85: =_xlfn.XLOOKUP($C85,'FASE 4'!$C$407:$N$407,'FASE 4'!$C$412:$N$412) -> 0 | H85: =_xlfn.XLOOKUP($C85,'FASE 4'!$C$407:$N$407,'FASE 4'!$C$413:$N$413) -> 0 | I85: =_xlfn.XLOOKUP($C85,'FASE 4'!$C$407:$N$407,'FASE 4'!$C$414:$N$414) -> 0 | J85: =_xlfn.XLOOKUP($C85,'FASE 4'!$C$407:$N$407,'FASE 4'!$C$415:$N$415) -> 0 | K85: =_xlfn.XLOOKUP($C85,'FASE 4'!$C$407:$N$407,'FASE 4'!$C$416:$N$416) -> 0 | L85: =_xlfn.XLOOKUP($C85,'FASE 4'!$C$407:$N$407,'FASE 4'!$C$417:$N$417) -> 0 | M85: =_xlfn.XLOOKUP($C85,'FASE 4'!$C$407:$N$407,'FASE 4'!#REF!) -> #REF! | N85: =_xlfn.XLOOKUP($C85,'FASE 4'!$C$407:$N$407,'FASE 4'!#REF!) -> #REF! | O85: =_xlfn.XLOOKUP($C85,'FASE 4'!$C$407:$N$407,'FASE 4'!#REF!) -> #REF! | P85: =+AVERAGE(D85:O85) -> #REF! | Q85: =P85 -> #REF!
C86: Instalación de Shower Door y Barra Cortina | D86: =_xlfn.XLOOKUP($C86,'FASE 4'!$C$407:$N$407,'FASE 4'!$C$409:$N$409) -> #N/A | E86: =_xlfn.XLOOKUP($C86,'FASE 4'!$C$407:$N$407,'FASE 4'!$C$410:$N$410) -> #N/A | F86: =_xlfn.XLOOKUP($C86,'FASE 4'!$C$407:$N$407,'FASE 4'!$C$411:$N$411) -> #N/A | G86: =_xlfn.XLOOKUP($C86,'FASE 4'!$C$407:$N$407,'FASE 4'!$C$412:$N$412) -> #N/A | H86: =_xlfn.XLOOKUP($C86,'FASE 4'!$C$407:$N$407,'FASE 4'!$C$413:$N$413) -> #N/A | I86: =_xlfn.XLOOKUP($C86,'FASE 4'!$C$407:$N$407,'FASE 4'!$C$414:$N$414) -> #N/A | J86: =_xlfn.XLOOKUP($C86,'FASE 4'!$C$407:$N$407,'FASE 4'!$C$415:$N$415) -> #N/A | K86: =_xlfn.XLOOKUP($C86,'FASE 4'!$C$407:$N$407,'FASE 4'!$C$416:$N$416) -> #N/A | L86: =_xlfn.XLOOKUP($C86,'FASE 4'!$C$407:$N$407,'FASE 4'!$C$417:$N$417) -> #N/A | M86: =_xlfn.XLOOKUP($C86,'FASE 4'!$C$407:$N$407,'FASE 4'!#REF!) -> #REF! | N86: =_xlfn.XLOOKUP($C86,'FASE 4'!$C$407:$N$407,'FASE 4'!#REF!) -> #REF! | O86: =_xlfn.XLOOKUP($C86,'FASE 4'!$C$407:$N$407,'FASE 4'!#REF!) -> #REF! | P86: =+AVERAGE(D86:O86) -> #N/A | Q86: =P86 -> #N/A
C89: PROGRAMA PARA R1 | P89: =AVERAGE(P10:P86) -> #N/A
C91: PROGRAMA PARA RF
I106: =1.9*700 -> 1330 | J106: =+I106*36200 -> 48146000

Sheet FASE 1   
W1: Avance General
C2: CONTROL AVANCE FASE 1 SAN FRANCISCO 211
U3: Cantidad de Deptos. | V3: 359 | W3: =+AVERAGE(C33,C79,C126,C173,C220,C267,C314,C361,C405) -> 0.078333578
C5: 1 | D5: 2 | E5: 3 | F5: 4 | G5: 5 | H5: 6 | I5: 7 | J5: 8 | K5: 9 | L5: 10 | M5: 11 | N5: 12 | O5: 13 | P5: 14 | Q5: 15 | R5: 16 | S5: 17 | T5: 18 | U5: 19 | V5: 20
B6: Deptos. | C6: Retiro camisas / Tapado Pasadas | D6: Pulido, descarachado y preparacion de muros | E6: Trazado tabique/Yeso/auxiliares vent. Y puertas | F6: Chequeo Rasgos Puerta Acceso | G6: Grada Buque (9cm) | H6: Rasgo ventana - terrazas | I6: Despeje caja electricas | J6: Yeso Muro | K6: Yeso Cielo | L6: Sanitario vertical y ramal | M6: Instalación Lana Mineral Verticales Samitarias | N6: Ductos de Extracción | O6: Maquillaje de Terraza | P6: Tabique 1° Cara | Q6: Aislación Interior y Refuerzo Plasma | R6: Enlauchado | S6: Instalaciones Interior Tabique | T6: Tabique 2° cara | U6: Shaft /Tabique | V6: Mochetas y Dinteles Puerta Acceso | W6: Avance Real x Piso
A7: PISO N° 1 | B7: DEPTO 102 | C7: 1 | D7: 1 | E7: 1 | F7: 0.9 | G7: 1 | H7: 1 | I7: 1 | J7: 1 | K7: 1 | L7: 0.5 | M7: 0 | N7: 0.5 | O7: 0.8 | P7: 0.9 | Q7: 1 | R7: 0 | S7: 0.9 | T7: 0.9 | U7: 0.2 | V7: 0 | W7: =+AVERAGE(C7:V7) -> 0.73
B8: DEPTO 103 | C8: 1 | D8: 1 | E8: 1 | F8: 0.9 | G8: 1 | H8: 1 | I8: 1 | J8: 1 | K8: 1 | L8: 0.5 | M8: 0 | N8: 0.5 | O8: 0.8 | P8: 0.9 | Q8: 1 | R8: 0 | S8: 0.9 | T8: 0.9 | U8: 0.2 | V8: 0 | W8: =+AVERAGE(C8:V8) -> 0.73
B9: DEPTO 104 | C9: 1 | D9: 1 | E9: 1 | F9: 0.9 | G9: 1 | H9: 1 | I9: 1 | J9: 1 | K9: 1 | L9: 0.5 | M9: 0 | N9: 0.5 | O9: 0.8 | P9: 0.9 | Q9: 1 | R9: 0 | S9: 0.9 | T9: 0.9 | U9: 0.2 | V9: 0.4 | W9: =+AVERAGE(C9:V9) -> 0.75
B10: DEPTO 105 | C10: 1 | D10: 1 | E10: 1 | F10: 0.9 | G10: 1 | H10: 1 | I10: 1 | J10: 1 | K10: 1 | L10: 0.5 | M10: 0 | N10: 0.5 | O10: 0.8 | P10: 0.9 | Q10: 1 | R10: 0 | S10: 0.9 | T10: 0.9 | U10: 0.2 | V10: 0.4 | W10: =+AVERAGE(C10:V10) -> 0.75
B11: DEPTO 106 | C11: 1 | D11: 1 | E11: 1 | F11: 0.9 | G11: 1 | H11: 1 | I11: 1 | J11: 1 | K11: 1 | L11: 0.5 | M11: 0 | N11: 0.5 | O11: 0.8 | P11: 0.9 | Q11: 1 | R11: 0 | S11: 0.9 | T11: 0.9 | U11: 0.2 | V11: 0 | W11: =+AVERAGE(C11:V11) -> 0.73
B12: DEPTO 107 | C12: 1 | D12: 1 | E12: 1 | F12: 0.5 | G12: 1 | H12: 1 | I12: 1 | J12: 1 | K12: 1 | L12: 0.5 | M12: 0 | N12: 0.5 | O12: 0.8 | P12: 0.9 | Q12: 1 | R12: 0 | S12: 0.9 | T12: 0.9 | U12: 0.2 | V12: 0 | W12: =+AVERAGE(C12:V12) -> 0.71
B13: DEPTO 108 | C13: 1 | D13: 1 | E13: 1 | F13: 0.5 | G13: 1 | H13: 1 | I13: 1 | J13: 1 | K13: 1 | L13: 0.5 | M13: 0 | N13: 0.5 | O13: 0.8 | P13: 0.9 | Q13: 1 | R13: 0 | S13: 0.9 | T13: 0.5 | U13: 0 | V13: 0 | W13: =+AVERAGE(C13:V13) -> 0.68
B14: DEPTO 118 | C14: 1 | D14: 1 | E14: 1 | F14: 0.8 | G14: 1 | H14: 1 | I14: 1 | J14: 1 | K14: 1 | L14: 0 | M14: 0 | N14: 0 | O14: 0 | P14: 0.9 | Q14: 1 | R14: 0 | S14: 0.5 | T14: 0 | U14: 0 | V14: 0 | W14: =+AVERAGE(C14:V14) -> 0.56
B15: DEPTO 119 | C15: 1 | D15: 1 | E15: 1 | F15: 0.9 | G15: 1 | H15: 0.8 | I15: 1 | J15: 1 | K15: 1 | L15: 0 | M15: 0 | N15: 0 | O15: 0 | P15: 0.9 | Q15: 1 | R15: 0 | S15: 0.5 | T15: 0 | U15: 0 | V15: 0 | W15: =+AVERAGE(C15:V15) -> 0.555
B16: DEPTO 120 | C16: 1 | D16: 1 | E16: 1 | F16: 1 | G16: 1 | H16: 1 | I16: 1 | J16: 1 | K16: 1 | L16: 1 | M16: 1 | N16: 1 | O16: 1 | P16: 1 | Q16: 1 | R16: 1 | S16: 1 | T16: 1 | U16: 1 | V16: 1 | W16: =+AVERAGE(C16:V16) -> 1
B17: DEPTO 121 | C17: 1 | D17: 1 | E17: 1 | F17: 1 | G17: 1 | H17: 1 | I17: 1 | J17: 1 | K17: 1 | L17: 1 | M17: 1 | N17: 1 | O17: 1 | P17: 1 | Q17: 1 | R17: 1 | S17: 1 | T17: 1 | U17: 1 | V17: 1 | W17: =+AVERAGE(C17:V17) -> 1
B18: LOCAL 1 | C18: 0 | D18: 0 | E18: 0 | F18: 0 | G18: 0 | H18: 0 | I18: 0 | J18: 0 | K18: 0 | L18: 0 | M18: 0 | N18: 0 | O18: 0 | P18: 0 | Q18: 0 | R18: 0 | S18: 0 | T18: 0 | U18: 0 | V18: 0 | W18: =+AVERAGE(C18:V18) -> 0
B19: LOCAL 2 | C19: 0 | D19: 0 | E19: 0 | F19: 0 | G19: 0 | H19: 0 | I19: 0 | J19: 0 | K19: 0 | L19: 0 | M19: 0 | N19: 0 | O19: 0 | P19: 0 | Q19: 0 | R19: 0 | S19: 0 | T19: 0 | U19: 0 | V19: 0 | W19: =+AVERAGE(C19:V19) -> 0
... B30: SALON GOURMET 2 | C30: 0 | D30: 0 | E30: 0 | F30: 0 | G30: 0 | H30: 0 | I30: 0 | J30: 0 | K30: 0 | L30: 0 | M30: 0 | N30: 0 | O30: 0 | P30: 0 | Q30: 0 | R30: 0 | S30: 0 | T30: 0 | U30: 0 | V30: 0 | W30: =+AVERAGE(C30:V30) -> 0
A31: GRAFICO DE AVANCE POR PARTIDA
A32: PORCENTAJE POR PARTIDA | C32: =+AVERAGE(C7:C30) -> 0.58333333 | D32: =+AVERAGE(D7:D30) -> 0.58333333 | E32: =+AVERAGE(E7:E30) -> 0.58333333 | F32: =+AVERAGE(F7:F30) -> 0.38333333 | G32: =+AVERAGE(G7:G30) -> 0.58333333 | H32: =+AVERAGE(H7:H30) -> 0.575 | I32: =+AVERAGE(I7:I30) -> 0.52083333 | J32: =+AVERAGE(J7:J30) -> 0.58333333 | ... V32: =+AVERAGE(V7:V30) -> 0.11666667
A33: AVANCE GENERAL PISO N° 1 | C33: =AVERAGE(C32:V32) -> 0.41520833
A34: PISO N° 2 A | B34: Depto 202 | C34: 1 | D34: 1 | E34: 0 | F34: 0 | G34: 0 | H34: 0 | I34: 0 | J34: 0 | K34: 0 | L34: 0 | M34: 0 | N34: 0 | O34: 0 | P34: 0 | Q34: 0 | R34: 0 | S34: 0 | T34: 0 | U34: 0 | V34: 0 | W34: =+AVERAGE(C34:V34) -> 0.1
B35: Depto.203 | C35: 1 | D35: 1 | E35: 0 | F35: 0 | G35: 0 | H35: 0 | I35: 0 | J35: 0 | K35: 0 | L35: 0 | M35: 0 | N35: 0 | O35: 0 | P35: 0 | Q35: 0 | R35: 0 | S35: 0 | T35: 0 | U35: 0 | V35: 0 | W35: =+AVERAGE(C35:V35) -> 0.1
B36: Depto.204 | C36: 1 | D36: 1 | E36: 0 | F36: 0 | G36: 0 | H36: 0 | I36: 0 | J36: 0 | K36: 0 | L36: 0 | M36: 0 | N36: 0 | O36: 0 | P36: 0 | Q36: 0 | R36: 0 | S36: 0 | T36: 0 | U36: 0 | V36: 0 | W36: =+AVERAGE(C36:V36) -> 0.1
B37: Depto.205 | C37: 1 | D37: 1 | E37: 0 | F37: 0 | G37: 0 | H37: 0 | I37: 0 | J37: 0 | K37: 0 | L37: 0 | M37: 0 | N37: 0 | O37: 0 | P37: 0 | Q37: 0 | R37: 0 | S37: 0 | T37: 0 | U37: 0 | V37: 0 | W37: =+AVERAGE(C37:V37) -> 0.1
B38: Depto.206 | C38: 1 | D38: 1 | E38: 0 | F38: 0 | G38: 0 | H38: 0 | I38: 0 | J38: 0 | K38: 0 | L38: 0 | M38: 0 | N38: 0 | O38: 0 | P38: 0 | Q38: 0 | R38: 0 | S38: 0 | T38: 0 | U38: 0 | V38: 0 | W38: =+AVERAGE(C38:V38) -> 0.1
B39: Depto.207 | C39: 1 | D39: 1 | E39: 0 | F39: 0 | G39: 0 | H39: 0 | I39: 0 | J39: 0 | K39: 0 | L39: 0 | M39: 0 | N39: 0 | O39: 0 | P39: 0 | Q39: 0 | R39: 0 | S39: 0 | T39: 0 | U39: 0 | V39: 0 | W39: =+AVERAGE(C39:V39) -> 0.1
B40: Depto.208 | C40: 1 | D40: 1 | E40: 0 | F40: 0 | G40: 0 | H40: 0 | I40: 0 | J40: 0 | K40: 0 | L40: 0 | M40: 0 | N40: 0 | O40: 0 | P40: 0 | Q40: 0 | R40: 0 | S40: 0 | T40: 0 | U40: 0 | V40: 0 | W40: =+AVERAGE(C40:V40) -> 0.1
B41: Depto.209 | C41: 1 | D41: 1 | E41: 0 | F41: 0 | G41: 0 | H41: 0 | I41: 0 | J41: 0.5 | K41: 0 | L41: 0 | M41: 0 | N41: 0 | O41: 0 | P41: 0 | Q41: 0 | R41: 0 | S41: 0 | T41: 0 | U41: 0 | V41: 0 | W41: =+AVERAGE(C41:V41) -> 0.125
B42: Depto.210 | C42: 1 | D42: 0 | E42: 0 | F42: 0 | G42: 0 | H42: 0 | I42: 0 | J42: 0 | K42: 0 | L42: 0 | M42: 0 | N42: 0 | O42: 0 | P42: 0 | Q42: 0 | R42: 0 | S42: 0 | T42: 0 | U42: 0 | V42: 0 | W42: =+AVERAGE(C42:V42) -> 0.05
B43: Depto.211 | C43: 1 | D43: 0 | E43: 0 | F43: 0 | G43: 0 | H43: 0 | I43: 0 | J43: 0 | K43: 0 | L43: 0 | M43: 0 | N43: 0 | O43: 0 | P43: 0 | Q43: 0 | R43: 0 | S43: 0 | T43: 0 | U43: 0 | V43: 0 | W43: =+AVERAGE(C43:V43) -> 0.05
B44: Depto.212 | C44: 1 | D44: 1 | E44: 0 | F44: 0 | G44: 0 | H44: 0 | I44: 0 | J44: 0 | K44: 0 | L44: 0 | M44: 0 | N44: 0 | O44: 0 | P44: 0 | Q44: 0 | R44: 0 | S44: 0 | T44: 0 | U44: 0 | V44: 0 | W44: =+AVERAGE(C44:V44) -> 0.1
B45: Depto.213 | C45: 1 | D45: 1 | E45: 0 | F45: 0 | G45: 0 | H45: 0 | I45: 0 | J45: 0 | K45: 0 | L45: 0 | M45: 0 | N45: 0 | O45: 0 | P45: 0 | Q45: 0 | R45: 0 | S45: 0 | T45: 0 | U45: 0 | V45: 0 | W45: =+AVERAGE(C45:V45) -> 0.1
B46: Depto.214 | C46: 0 | D46: 1 | E46: 0 | F46: 0 | G46: 0 | H46: 0 | I46: 0 | J46: 0 | K46: 0 | L46: 0 | M46: 0 | N46: 0 | O46: 0 | P46: 0 | Q46: 0 | R46: 0 | S46: 0 | T46: 0 | U46: 0 | V46: 0 | W46: =+AVERAGE(C46:V46) -> 0.05
... B55: Depto.223 | C55: 1 | D55: 1 | E55: 0 | F55: 0 | G55: 0 | H55: 0 | I55: 0 | J55: 0 | K55: 0 | L55: 0 | M55: 0 | N55: 0 | O55: 0 | P55: 0 | Q55: 0 | R55: 0 | S55: 0 | T55: 0 | U55: 0 | V55: 0 | W55: =+AVERAGE(C55:V55) -> 0.1
A56: PISO N° 2 B | B56: Depto.201 | C56: 1 | D56: 1 | E56: 1 | F56: 0.9 | G56: 1 | H56: 0.95 | I56: 1 | J56: 1 | K56: 1 | L56: 0 | M56: 0 | N56: 0.2 | O56: 0.9 | P56: 0 | Q56: 0 | R56: 0 | S56: 0 | T56: 0 | U56: 0 | V56: 0 | W56: =+AVERAGE(C56:V56) -> 0.4975
B57: Depto.202 | C57: 1 | D57: 1 | E57: 1 | F57: 0.9 | G57: 1 | H57: 0.95 | I57: 1 | J57: 0.9 | K57: 1 | L57: 0 | M57: 0 | N57: 0.2 | O57: 0.9 | P57: 0 | Q57: 0 | R57: 0 | S57: 0 | T57: 0 | U57: 0 | V57: 0 | W57: =+AVERAGE(C57:V57) -> 0.4925
B58: Depto.203 | C58: 1 | D58: 1 | E58: 1 | F58: 0.9 | G58: 1 | H58: 0.95 | I58: 1 | J58: 0.9 | K58: 1 | L58: 0 | M58: 0 | N58: 0.2 | O58: 0.9 | P58: 0 | Q58: 0 | R58: 0 | S58: 0 | T58: 0 | U58: 0 | V58: 0 | W58: =+AVERAGE(C58:V58) -> 0.4925
B59: Depto.204 | C59: 1 | D59: 1 | E59: 1 | F59: 0.5 | G59: 1 | H59: 0.95 | I59: 1 | J59: 0.9 | K59: 1 | L59: 0 | M59: 0 | N59: 0.2 | O59: 0.9 | P59: 0 | Q59: 0 | R59: 0 | S59: 0 | T59: 0 | U59: 0 | V59: 0 | W59: =+AVERAGE(C59:V59) -> 0.4725
B60: Depto.205 | C60: 1 | D60: 1 | E60: 1 | F60: 0.5 | G60: 1 | H60: 0.95 | I60: 1 | J60: 0.9 | K60: 1 | L60: 0 | M60: 0 | N60: 0.2 | O60: 0.9 | P60: 0 | Q60: 0 | R60: 0 | S60: 0 | T60: 0 | U60: 0 | V60: 0 | W60: =+AVERAGE(C60:V60) -> 0.4725
B61: Depto.206 | C61: 1 | D61: 1 | E61: 1 | F61: 0.8 | G61: 1 | H61: 0.95 | I61: 1 | J61: 0.9 | K61: 1 | L61: 0 | M61: 0 | N61: 0.2 | O61: 0.9 | P61: 0 | Q61: 0 | R61: 0 | S61: 0 | T61: 0 | U61: 0 | V61: 0 | W61: =+AVERAGE(C61:V61) -> 0.4875
B62: Depto.207 | C62: 1 | D62: 1 | E62: 1 | F62: 0.9 | G62: 1 | H62: 0.95 | I62: 1 | J62: 0.9 | K62: 1 | L62: 0 | M62: 0 | N62: 0.2 | O62: 0.9 | P62: 0 | Q62: 0 | R62: 0 | S62: 0 | T62: 0 | U62: 0 | V62: 0 | W62: =+AVERAGE(C62:V62) -> 0.4925
B63: Depto.208 | C63: 1 | D63: 1 | E63: 1 | F63: 0.9 | G63: 1 | H63: 0.95 | I63: 1 | J63: 0.9 | K63: 1 | L63: 0 | M63: 0 | N63: 0.2 | O63: 0 | P63: 0 | Q63: 0 | R63: 0 | S63: 0 | T63: 0 | U63: 0 | V63: 0 | W63: =+AVERAGE(C63:V63) -> 0.4475
B64: Depto.209 | C64: 1 | D64: 1 | E64: 1 | F64: 0.5 | G64: 1 | H64: 0.95 | I64: 1 | J64: 0.9 | K64: 0 | L64: 0 | M64: 0 | N64: 0 | O64: 0 | P64: 0 | Q64: 0 | R64: 0 | S64: 0 | T64: 0 | U64: 0 | V64: 0 | W64: =+AVERAGE(C64:V64) -> 0.3675
B65: Depto.210 | C65: 1 | D65: 1 | E65: 0.2 | F65: 0.5 | G65: 1 | H65: 0 | I65: 1 | J65: 0.9 | K65: 0 | L65: 0 | M65: 0 | N65: 0 | O65: 0 | P65: 0 | Q65: 0 | R65: 0 | S65: 0 | T65: 0 | U65: 0 | V65: 0 | W65: =+AVERAGE(C65:V65) -> 0.28
B66: Depto.211 | C66: 1 | D66: 1 | E66: 0.2 | F66: 0.5 | G66: 1 | H66: 0 | I66: 1 | J66: 0.9 | K66: 0 | L66: 0 | M66: 0 | N66: 0 | O66: 0 | P66: 0 | Q66: 0 | R66: 0 | S66: 0 | T66: 0 | U66: 0 | V66: 0 | W66: =+AVERAGE(C66:V66) -> 0.28
B67: Depto.212 | C67: 1 | D67: 1 | E67: 0.2 | F67: 0.5 | G67: 1 | H67: 0 | I67: 1 | J67: 0.9 | K67: 0 | L67: 0 | M67: 0 | N67: 0 | O67: 0 | P67: 0 | Q67: 0 | R67: 0 | S67: 0 | T67: 0 | U67: 0 | V67: 0 | W67: =+AVERAGE(C67:V67) -> 0.28
B68: Depto.213 | C68: 1 | D68: 1 | E68: 0.2 | F68: 0.5 | G68: 1 | H68: 0 | I68: 1 | J68: 0.9 | K68: 0 | L68: 0 | M68: 0 | N68: 0 | O68: 0 | P68: 0 | Q68: 0 | R68: 0 | S68: 0 | T68: 0 | U68: 0 | V68: 0 | W68: =+AVERAGE(C68:V68) -> 0.28
... B76: Depto.221 | C76: 1 | D76: 1 | E76: 0.2 | F76: 0.5 | G76: 1 | H76: 0 | I76: 1 | J76: 0.9 | K76: 0 | L76: 0 | M76: 0 | N76: 0 | O76: 0 | P76: 0 | Q76: 0 | R76: 0 | S76: 0 | T76: 0 | U76: 0 | V76: 0 | W76: =+AVERAGE(C76:V76) -> 0.28
A77: GRAFICO DE AVANCE POR PARTIDA
A78: PORCENTAJE POR PARTIDA | C78: =+AVERAGE(C34:C76) -> 0.97674419 | D78: =+AVERAGE(D34:D76) -> 0.95348837 | E78: =+AVERAGE(E34:E76) -> 0.26511628 | F78: =+AVERAGE(F34:F76) -> 0.29767442 | G78: =+AVERAGE(G34:G76) -> 0.46511628 | H78: =+AVERAGE(H34:H76) -> 0.19883721 | I78: =+AVERAGE(I34:I76) -> 0.48837209 | J78: =+AVERAGE(J34:J76) -> 0.45348837 | ... V78: =+AVERAGE(V34:V76) -> 0
A79: AVANCE GENERAL PISO N° 2 | C79: =AVERAGE(C78:V78) -> 0.22343023
A80: PISO N°3 A | B80: Depto.301 | C80: 1 | D80: 0 | E80: 0 | F80: 0 | G80: 0 | H80: 0 | I80: 0 | J80: 0 | K80: 0 | L80: 0 | M80: 0 | N80: 0 | O80: 0 | P80: 0 | Q80: 0 | R80: 0 | S80: 0 | T80: 0 | U80: 0 | V80: 0 | W80: =+AVERAGE(C80:V80) -> 0.05
B81: Depto.302 | C81: 0 | D81: 0 | E81: 0 | F81: 0 | G81: 0 | H81: 0 | I81: 0 | J81: 0 | K81: 0 | L81: 0 | M81: 0 | N81: 0 | O81: 0 | P81: 0 | Q81: 0 | R81: 0 | S81: 0 | T81: 0 | U81: 0 | V81: 0 | W81: =+AVERAGE(C81:V81) -> 0
B82: Depto.303 | C82: 1 | D82: 0 | E82: 0 | F82: 0 | G82: 0 | H82: 0 | I82: 0 | J82: 0 | K82: 0 | L82: 0 | M82: 0 | N82: 0 | O82: 0 | P82: 0 | Q82: 0 | R82: 0 | S82: 0 | T82: 0 | U82: 0 | V82: 0 | W82: =+AVERAGE(C82:V82) -> 0.05
B83: Depto.304 | C83: 1 | D83: 0 | E83: 0 | F83: 0 | G83: 0 | H83: 0 | I83: 0 | J83: 0 | K83: 0 | L83: 0 | M83: 0 | N83: 0 | O83: 0 | P83: 0 | Q83: 0 | R83: 0 | S83: 0 | T83: 0 | U83: 0 | V83: 0 | W83: =+AVERAGE(C83:V83) -> 0.05
B84: Depto.305 | C84: 1 | D84: 0 | E84: 0 | F84: 0 | G84: 0 | H84: 0 | I84: 0 | J84: 0 | K84: 0 | L84: 0 | M84: 0 | N84: 0 | O84: 0 | P84: 0 | Q84: 0 | R84: 0 | S84: 0 | T84: 0 | U84: 0 | V84: 0 | W84: =+AVERAGE(C84:V84) -> 0.05
B85: Depto.306 | C85: 1 | D85: 0 | E85: 0 | F85: 0 | G85: 0 | H85: 0 | I85: 0 | J85: 0 | K85: 0 | L85: 0 | M85: 0 | N85: 0 | O85: 0 | P85: 0 | Q85: 0 | R85: 0 | S85: 0 | T85: 0 | U85: 0 | V85: 0 | W85: =+AVERAGE(C85:V85) -> 0.05
B86: Depto.307 | C86: 1 | D86: 0 | E86: 0 | F86: 0 | G86: 0 | H86: 0 | I86: 0 | J86: 0 | K86: 0 | L86: 0 | M86: 0 | N86: 0 | O86: 0 | P86: 0 | Q86: 0 | R86: 0 | S86: 0 | T86: 0 | U86: 0 | V86: 0 | W86: =+AVERAGE(C86:V86) -> 0.05
B87: Depto.308 | C87: 1 | D87: 0 | E87: 0 | F87: 0 | G87: 0 | H87: 0 | I87: 0 | J87: 0 | K87: 0 | L87: 0 | M87: 0 | N87: 0 | O87: 0 | P87: 0 | Q87: 0 | R87: 0 | S87: 0 | T87: 0 | U87: 0 | V87: 0 | W87: =+AVERAGE(C87:V87) -> 0.05
B88: Depto.309 | C88: 1 | D88: 0 | E88: 0 | F88: 0 | G88: 0 | H88: 0 | I88: 0 | J88: 0 | K88: 0 | L88: 0 | M88: 0 | N88: 0 | O88: 0 | P88: 0 | Q88: 0 | R88: 0 | S88: 0 | T88: 0 | U88: 0 | V88: 0 | W88: =+AVERAGE(C88:V88) -> 0.05
B89: Depto.310 | C89: 1 | D89: 0 | E89: 0 | F89: 0 | G89: 0 | H89: 0 | I89: 0 | J89: 0 | K89: 0 | L89: 0 | M89: 0 | N89: 0 | O89: 0 | P89: 0 | Q89: 0 | R89: 0 | S89: 0 | T89: 0 | U89: 0 | V89: 0 | W89: =+AVERAGE(C89:V89) -> 0.05
B90: Depto.311 | C90: 1 | D90: 0 | E90: 0 | F90: 0 | G90: 0 | H90: 0 | I90: 0 | J90: 0 | K90: 0 | L90: 0 | M90: 0 | N90: 0 | O90: 0 | P90: 0 | Q90: 0 | R90: 0 | S90: 0 | T90: 0 | U90: 0 | V90: 0 | W90: =+AVERAGE(C90:V90) -> 0.05
B91: Depto.312 | C91: 1 | D91: 0 | E91: 0 | F91: 0 | G91: 0 | H91: 0 | I91: 0 | J91: 0 | K91: 0 | L91: 0 | M91: 0 | N91: 0 | O91: 0 | P91: 0 | Q91: 0 | R91: 0 | S91: 0 | T91: 0 | U91: 0 | V91: 0 | W91: =+AVERAGE(C91:V91) -> 0.05
B92: Depto.313 | C92: 1 | D92: 0 | E92: 0 | F92: 0 | G92: 0 | H92: 0 | I92: 0 | J92: 0 | K92: 0 | L92: 0 | M92: 0 | N92: 0 | O92: 0 | P92: 0 | Q92: 0 | R92: 0 | S92: 0 | T92: 0 | U92: 0 | V92: 0 | W92: =+AVERAGE(C92:V92) -> 0.05
... B102: Depto.323 | C102: 0 | D102: 0 | E102: 0 | F102: 0 | G102: 0 | H102: 0 | I102: 0 | J102: 0 | K102: 0 | L102: 0 | M102: 0 | N102: 0 | O102: 0 | P102: 0 | Q102: 0 | R102: 0 | S102: 0 | T102: 0 | U102: 0 | V102: 0 | W102: =+AVERAGE(C102:V102) -> 0
A103: PISO N°3 B | B103: Depto.301 | C103: 1 | D103: 1 | E103: 1 | F103: 1 | G103: 0 | H103: 0 | I103: 0 | J103: 1 | K103: 0 | L103: 0 | M103: 0 | N103: 0 | O103: 0 | P103: 0 | Q103: 0 | R103: 0 | S103: 0 | T103: 0 | U103: 0 | V103: 0 | W103: =+AVERAGE(C103:V103) -> 0.25
B104: Depto.302 | C104: 1 | D104: 1 | E104: 1 | F104: 1 | G104: 0 | H104: 0 | I104: 0 | J104: 1 | K104: 0 | L104: 0 | M104: 0 | N104: 0 | O104: 0 | P104: 0 | Q104: 0 | R104: 0 | S104: 0 | T104: 0 | U104: 0 | V104: 0 | W104: =+AVERAGE(C104:V104) -> 0.25
B105: Depto.303 | C105: 1 | D105: 1 | E105: 1 | F105: 1 | G105: 0 | H105: 0 | I105: 0.9 | J105: 1 | K105: 0 | L105: 0 | M105: 0 | N105: 0 | O105: 0 | P105: 0 | Q105: 0 | R105: 0 | S105: 0 | T105: 0 | U105: 0 | V105: 0 | W105: =+AVERAGE(C105:V105) -> 0.295
B106: Depto.304 | C106: 1 | D106: 1 | E106: 1 | F106: 1 | G106: 0 | H106: 0 | I106: 0.9 | J106: 1 | K106: 0 | L106: 0 | M106: 0 | N106: 0 | O106: 0 | P106: 0 | Q106: 0 | R106: 0 | S106: 0 | T106: 0 | U106: 0 | V106: 0 | W106: =+AVERAGE(C106:V106) -> 0.295
B107: Depto.305 | C107: 1 | D107: 1 | E107: 1 | F107: 1 | G107: 0 | H107: 0 | I107: 0.9 | J107: 1 | K107: 0 | L107: 0 | M107: 0 | N107: 0 | O107: 0 | P107: 0 | Q107: 0 | R107: 0 | S107: 0 | T107: 0 | U107: 0 | V107: 0 | W107: =+AVERAGE(C107:V107) -> 0.295
B108: Depto.306 | C108: 1 | D108: 1 | E108: 1 | F108: 1 | G108: 0 | H108: 0 | I108: 0.9 | J108: 1 | K108: 0 | L108: 0 | M108: 0 | N108: 0 | O108: 0 | P108: 0 | Q108: 0 | R108: 0 | S108: 0 | T108: 0 | U108: 0 | V108: 0 | W108: =+AVERAGE(C108:V108) -> 0.295
B109: Depto.307 | C109: 1 | D109: 1 | E109: 1 | F109: 1 | G109: 0 | H109: 0 | I109: 0.9 | J109: 1 | K109: 0 | L109: 0 | M109: 0 | N109: 0 | O109: 0 | P109: 0 | Q109: 0 | R109: 0 | S109: 0 | T109: 0 | U109: 0 | V109: 0 | W109: =+AVERAGE(C109:V109) -> 0.295
B110: Depto.308 | C110: 1 | D110: 1 | E110: 1 | F110: 1 | G110: 0 | H110: 0 | I110: 0.9 | J110: 1 | K110: 0 | L110: 0 | M110: 0 | N110: 0 | O110: 0 | P110: 0 | Q110: 0 | R110: 0 | S110: 0 | T110: 0 | U110: 0 | V110: 0 | W110: =+AVERAGE(C110:V110) -> 0.295
B111: Depto.309 | C111: 0 | D111: 0 | E111: 0 | F111: 0 | G111: 0 | H111: 0 | I111: 0 | J111: 0 | K111: 0 | L111: 0 | M111: 0 | N111: 0 | O111: 0 | P111: 0 | Q111: 0 | R111: 0 | S111: 0 | T111: 0 | U111: 0 | V111: 0 | W111: =+AVERAGE(C111:V111) -> 0
B112: Depto.310 | C112: 0 | D112: 0 | E112: 0 | F112: 0 | G112: 0 | H112: 0 | I112: 0 | J112: 0 | K112: 0 | L112: 0 | M112: 0 | N112: 0 | O112: 0 | P112: 0 | Q112: 0 | R112: 0 | S112: 0 | T112: 0 | U112: 0 | V112: 0 | W112: =+AVERAGE(C112:V112) -> 0
B113: Depto.311 | C113: 0 | D113: 0 | E113: 0 | F113: 0 | G113: 0 | H113: 0 | I113: 0 | J113: 0 | K113: 0 | L113: 0 | M113: 0 | N113: 0 | O113: 0 | P113: 0 | Q113: 0 | R113: 0 | S113: 0 | T113: 0 | U113: 0 | V113: 0 | W113: =+AVERAGE(C113:V113) -> 0
B114: Depto.312 | C114: 0 | D114: 0 | E114: 0 | F114: 0 | G114: 0 | H114: 0 | I114: 0 | J114: 0 | K114: 0 | L114: 0 | M114: 0 | N114: 0 | O114: 0 | P114: 0 | Q114: 0 | R114: 0 | S114: 0 | T114: 0 | U114: 0 | V114: 0 | W114: =+AVERAGE(C114:V114) -> 0
B115: Depto.313 | C115: 0 | D115: 0 | E115: 0 | F115: 0 | G115: 0 | H115: 0 | I115: 0 | J115: 0 | K115: 0 | L115: 0 | M115: 0 | N115: 0 | O115: 0 | P115: 0 | Q115: 0 | R115: 0 | S115: 0 | T115: 0 | U115: 0 | V115: 0 | W115: =+AVERAGE(C115:V115) -> 0
... B123: Depto.321 | C123: 0 | D123: 0 | E123: 0 | F123: 0 | G123: 0 | H123: 0 | I123: 0 | J123: 0 | K123: 0 | L123: 0 | M123: 0 | N123: 0 | O123: 0 | P123: 0 | Q123: 0 | R123: 0 | S123: 0 | T123: 0 | U123: 0 | V123: 0 | W123: =+AVERAGE(C123:V123) -> 0
A124: GRAFICO DE AVANCE POR PARTIDA
A125: PORCENTAJE POR PARTIDA | C125: =+AVERAGE(C80:C123) -> 0.47727273 | D125: =+AVERAGE(D80:D123) -> 0.18181818 | E125: =+AVERAGE(E80:E123) -> 0.18181818 | F125: =+AVERAGE(F80:F123) -> 0.18181818 | G125: =+AVERAGE(G80:G123) -> 0 | H125: =+AVERAGE(H80:H123) -> 0 | I125: =+AVERAGE(I80:I123) -> 0.12272727 | J125: =+AVERAGE(J80:J123) -> 0.18181818 | ... V125: =+AVERAGE(V80:V123) -> 0
A126: AVANCE GENERAL PISO N° 3 | C126: =AVERAGE(C125:V125) -> 0.066363636
A127: PISO N°4 A | B127: Depto.401 | C127: 0 | D127: 0 | E127: 0 | F127: 0 | G127: 0 | H127: 0 | I127: 0 | J127: 0 | K127: 0 | L127: 0 | M127: 0 | N127: 0 | O127: 0 | P127: 0 | Q127: 0 | R127: 0 | S127: 0 | T127: 0 | U127: 0 | V127: 0 | W127: =+AVERAGE(C127:V127) -> 0
B128: Depto.402 | C128: 0 | D128: 0 | E128: 0 | F128: 0 | G128: 0 | H128: 0 | I128: 0 | J128: 0 | K128: 0 | L128: 0 | M128: 0 | N128: 0 | O128: 0 | P128: 0 | Q128: 0 | R128: 0 | S128: 0 | T128: 0 | U128: 0 | V128: 0 | W128: =+AVERAGE(C128:V128) -> 0
B129: Depto.403 | C129: 0 | D129: 0 | E129: 0 | F129: 0 | G129: 0 | H129: 0 | I129: 0 | J129: 0 | K129: 0 | L129: 0 | M129: 0 | N129: 0 | O129: 0 | P129: 0 | Q129: 0 | R129: 0 | S129: 0 | T129: 0 | U129: 0 | V129: 0 | W129: =+AVERAGE(C129:V129) -> 0
B130: Depto.404 | C130: 0 | D130: 0 | E130: 0 | F130: 0 | G130: 0 | H130: 0 | I130: 0 | J130: 0 | K130: 0 | L130: 0 | M130: 0 | N130: 0 | O130: 0 | P130: 0 | Q130: 0 | R130: 0 | S130: 0 | T130: 0 | U130: 0 | V130: 0 | W130: =+AVERAGE(C130:V130) -> 0
B131: Depto.405 | C131: 0 | D131: 0 | E131: 0 | F131: 0 | G131: 0 | H131: 0 | I131: 0 | J131: 0 | K131: 0 | L131: 0 | M131: 0 | N131: 0 | O131: 0 | P131: 0 | Q131: 0 | R131: 0 | S131: 0 | T131: 0 | U131: 0 | V131: 0 | W131: =+AVERAGE(C131:V131) -> 0
B132: Depto.406 | C132: 0 | D132: 0 | E132: 0 | F132: 0 | G132: 0 | H132: 0 | I132: 0 | J132: 0 | K132: 0 | L132: 0 | M132: 0 | N132: 0 | O132: 0 | P132: 0 | Q132: 0 | R132: 0 | S132: 0 | T132: 0 | U132: 0 | V132: 0 | W132: =+AVERAGE(C132:V132) -> 0
B133: Depto.407 | C133: 0 | D133: 0 | E133: 0 | F133: 0 | G133: 0 | H133: 0 | I133: 0 | J133: 0 | K133: 0 | L133: 0 | M133: 0 | N133: 0 | O133: 0 | P133: 0 | Q133: 0 | R133: 0 | S133: 0 | T133: 0 | U133: 0 | V133: 0 | W133: =+AVERAGE(C133:V133) -> 0
B134: Depto.408 | C134: 0 | D134: 0 | E134: 0 | F134: 0 | G134: 0 | H134: 0 | I134: 0 | J134: 0 | K134: 0 | L134: 0 | M134: 0 | N134: 0 | O134: 0 | P134: 0 | Q134: 0 | R134: 0 | S134: 0 | T134: 0 | U134: 0 | V134: 0 | W134: =+AVERAGE(C134:V134) -> 0
B135: Depto.409 | C135: 0 | D135: 0 | E135: 0 | F135: 0 | G135: 0 | H135: 0 | I135: 0 | J135: 0 | K135: 0 | L135: 0 | M135: 0 | N135: 0 | O135: 0 | P135: 0 | Q135: 0 | R135: 0 | S135: 0 | T135: 0 | U135: 0 | V135: 0 | W135: =+AVERAGE(C135:V135) -> 0
B136: Depto.410 | C136: 0 | D136: 0 | E136: 0 | F136: 0 | G136: 0 | H136: 0 | I136: 0 | J136: 0 | K136: 0 | L136: 0 | M136: 0 | N136: 0 | O136: 0 | P136: 0 | Q136: 0 | R136: 0 | S136: 0 | T136: 0 | U136: 0 | V136: 0 | W136: =+AVERAGE(C136:V136) -> 0
B137: Depto.411 | C137: 0 | D137: 0 | E137: 0 | F137: 0 | G137: 0 | H137: 0 | I137: 0 | J137: 0 | K137: 0 | L137: 0 | M137: 0 | N137: 0 | O137: 0 | P137: 0 | Q137: 0 | R137: 0 | S137: 0 | T137: 0 | U137: 0 | V137: 0 | W137: =+AVERAGE(C137:V137) -> 0
B138: Depto.412 | C138: 0 | D138: 0 | E138: 0 | F138: 0 | G138: 0 | H138: 0 | I138: 0 | J138: 0 | K138: 0 | L138: 0 | M138: 0 | N138: 0 | O138: 0 | P138: 0 | Q138: 0 | R138: 0 | S138: 0 | T138: 0 | U138: 0 | V138: 0 | W138: =+AVERAGE(C138:V138) -> 0
B139: Depto.413 | C139: 0 | D139: 0 | E139: 0 | F139: 0 | G139: 0 | H139: 0 | I139: 0 | J139: 0 | K139: 0 | L139: 0 | M139: 0 | N139: 0 | O139: 0 | P139: 0 | Q139: 0 | R139: 0 | S139: 0 | T139: 0 | U139: 0 | V139: 0 | W139: =+AVERAGE(C139:V139) -> 0
... B149: Depto.423 | C149: 0 | D149: 0 | E149: 0 | F149: 0 | G149: 0 | H149: 0 | I149: 0 | J149: 0 | K149: 0 | L149: 0 | M149: 0 | N149: 0 | O149: 0 | P149: 0 | Q149: 0 | R149: 0 | S149: 0 | T149: 0 | U149: 0 | V149: 0 | W149: =+AVERAGE(C149:V149) -> 0
A150: PISO N°4 B | B150: Depto.401 | C150: 0 | D150: 0 | E150: 0 | F150: 0 | G150: 0 | H150: 0 | I150: 0 | J150: 0 | K150: 0 | L150: 0 | M150: 0 | N150: 0 | O150: 0 | P150: 0 | Q150: 0 | R150: 0 | S150: 0 | T150: 0 | U150: 0 | V150: 0 | W150: =+AVERAGE(C150:V150) -> 0
B151: Depto.402 | C151: 0 | D151: 0 | E151: 0 | F151: 0 | G151: 0 | H151: 0 | I151: 0 | J151: 0 | K151: 0 | L151: 0 | M151: 0 | N151: 0 | O151: 0 | P151: 0 | Q151: 0 | R151: 0 | S151: 0 | T151: 0 | U151: 0 | V151: 0 | W151: =+AVERAGE(C151:V151) -> 0
...

Sheet AVANCE SEMANAL
M2: Metas
B6: Partidas | C6: PISO 1 | D6: PISO 2 | E6: PISO 3 | F6: PISO 4 | G6: PISO 5 | H6: PISO 6 | I6: PISO 7 | J6: PISO 8 | K6: PISO 9 | L6: % Avance Real | M6: JUNIO 2026 | N6: JULIO 2026 | O6: AGOSTO 2026 | P6: SEPT. 2026 | Q6: OCT. 2026 | R6: NOV. 2026 | S6: DIC. 2026 | T6: ENERO 2027 | U6: FEB. 2027 | V6: MARZO 2027 | W6: ABRIL 2027 | X6: MAYO 2027 | Y6: JUNIO 2027 | Z6: JULIO 2027
A7: FASE 1 | B7: Retiro camisas / Tapado Pasadas | C7: =+_xlfn.XLOOKUP($B7,'FASE 1 '!$C$421:$V$421,'FASE 1 '!$C$423:$V$423) -> 0.58333333 | D7: =+_xlfn.XLOOKUP($B7,'FASE 1 '!$C$421:$V$421,'FASE 1 '!$C$424:$V$424) -> 0.97674419 | E7: =+_xlfn.XLOOKUP($B7,'FASE 1 '!$C$421:$V$421,'FASE 1 '!$C$425:$V$425) -> 0.47727273 | F7: =+_xlfn.XLOOKUP($B7,'FASE 1 '!$C$421:$V$421,'FASE 1 '!$C$426:$V$426) -> 0 | G7: =+_xlfn.XLOOKUP($B7,'FASE 1 '!$C$421:$V$421,'FASE 1 '!$C$427:$V$427) -> 0 | H7: =+_xlfn.XLOOKUP($B7,'FASE 1 '!$C$421:$V$421,'FASE 1 '!$C$428:$V$428) -> 0 | I7: =+_xlfn.XLOOKUP($B7,'FASE 1 '!$C$421:$V$421,'FASE 1 '!$C$429:$V$429) -> 0 | J7: =+_xlfn.XLOOKUP($B7,'FASE 1 '!$C$421:$V$421,'FASE 1 '!$C$430:$V$430) -> 0 | K7: =+_xlfn.XLOOKUP($B7,'FASE 1 '!$C$421:$V$421,'FASE 1 '!$C$431:$V$431) -> 0 | L7: =+AVERAGE(C7:K7) -> 0.22637225 | M7: =C7 -> 0.58333333 | N7: =D7 -> 0.97674419 | O7: =E7 -> 0.47727273 | P7: =F7 -> 0 | Q7: =G7 -> 0 | R7: =H7 -> 0 | S7: =I7 -> 0 | T7: =J7 -> 0 | U7: =K7 -> 0
B8: Pulido, descarachado y preparacion de muros | C8: =+_xlfn.XLOOKUP($B8,'FASE 1 '!$C$421:$V$421,'FASE 1 '!$C$423:$V$423) -> 0.58333333 | D8: =+_xlfn.XLOOKUP($B8,'FASE 1 '!$C$421:$V$421,'FASE 1 '!$C$424:$V$424) -> 0.95348837 | E8: =+_xlfn.XLOOKUP($B8,'FASE 1 '!$C$421:$V$421,'FASE 1 '!$C$425:$V$425) -> 0.18181818 | F8: =+_xlfn.XLOOKUP($B8,'FASE 1 '!$C$421:$V$421,'FASE 1 '!$C$426:$V$426) -> 0 | G8: =+_xlfn.XLOOKUP($B8,'FASE 1 '!$C$421:$V$421,'FASE 1 '!$C$427:$V$427) -> 0 | H8: =+_xlfn.XLOOKUP($B8,'FASE 1 '!$C$421:$V$421,'FASE 1 '!$C$428:$V$428) -> 0 | I8: =+_xlfn.XLOOKUP($B8,'FASE 1 '!$C$421:$V$421,'FASE 1 '!$C$429:$V$429) -> 0 | J8: =+_xlfn.XLOOKUP($B8,'FASE 1 '!$C$421:$V$421,'FASE 1 '!$C$430:$V$430) -> 0 | K8: =+_xlfn.XLOOKUP($B8,'FASE 1 '!$C$421:$V$421,'FASE 1 '!$C$431:$V$431) -> 0 | L8: =+AVERAGE(C8:K8) -> 0.19095999 | M8: =C8 -> 0.58333333 | N8: =D8 -> 0.95348837 | O8: =E8 -> 0.18181818 | P8: =F8 -> 0 | Q8: =G8 -> 0 | R8: =H8 -> 0 | S8: =I8 -> 0 | T8: =J8 -> 0 | U8: =K8 -> 0
B9: Trazado tabique/Yeso/auxiliares vent. Y puertas | C9: =+_xlfn.XLOOKUP($B9,'FASE 1 '!$C$421:$V$421,'FASE 1 '!$C$423:$V$423) -> 0.58333333 | D9: =+_xlfn.XLOOKUP($B9,'FASE 1 '!$C$421:$V$421,'FASE 1 '!$C$424:$V$424) -> 0.26511628 | E9: =+_xlfn.XLOOKUP($B9,'FASE 1 '!$C$421:$V$421,'FASE 1 '!$C$425:$V$425) -> 0.18181818 | F9: =+_xlfn.XLOOKUP($B9,'FASE 1 '!$C$421:$V$421,'FASE 1 '!$C$426:$V$426) -> 0 | G9: =+_xlfn.XLOOKUP($B9,'FASE 1 '!$C$421:$V$421,'FASE 1 '!$C$427:$V$427) -> 0 | H9: =+_xlfn.XLOOKUP($B9,'FASE 1 '!$C$421:$V$421,'FASE 1 '!$C$428:$V$428) -> 0 | I9: =+_xlfn.XLOOKUP($B9,'FASE 1 '!$C$421:$V$421,'FASE 1 '!$C$429:$V$429) -> 0 | J9: =+_xlfn.XLOOKUP($B9,'FASE 1 '!$C$421:$V$421,'FASE 1 '!$C$430:$V$430) -> 0 | K9: =+_xlfn.XLOOKUP($B9,'FASE 1 '!$C$421:$V$421,'FASE 1 '!$C$431:$V$431) -> 0 | L9: =+AVERAGE(C9:K9) -> 0.1144742 | M9: =C9 -> 0.58333333 | N9: =D9 -> 0.26511628 | O9: =E9 -> 0.18181818 | P9: =F9 -> 0 | Q9: =G9 -> 0 | R9: =H9 -> 0 | S9: =I9 -> 0 | T9: =J9 -> 0 | U9: =K9 -> 0
B10: Chequeo Rasgos Puerta Acceso | C10: =+_xlfn.XLOOKUP($B10,'FASE 1 '!$C$421:$V$421,'FASE 1 '!$C$423:$V$423) -> 0.38333333 | D10: =+_xlfn.XLOOKUP($B10,'FASE 1 '!$C$421:$V$421,'FASE 1 '!$C$424:$V$424) -> 0.29767442 | E10: =+_xlfn.XLOOKUP($B10,'FASE 1 '!$C$421:$V$421,'FASE 1 '!$C$425:$V$425) -> 0.18181818 | F10: =+_xlfn.XLOOKUP($B10,'FASE 1 '!$C$421:$V$421,'FASE 1 '!$C$426:$V$426) -> 0 | G10: =+_xlfn.XLOOKUP($B10,'FASE 1 '!$C$421:$V$421,'FASE 1 '!$C$427:$V$427) -> 0 | H10: =+_xlfn.XLOOKUP($B10,'FASE 1 '!$C$421:$V$421,'FASE 1 '!$C$428:$V$428) -> 0 | I10: =+_xlfn.XLOOKUP($B10,'FASE 1 '!$C$421:$V$421,'FASE 1 '!$C$429:$V$429) -> 0 | J10: =+_xlfn.XLOOKUP($B10,'FASE 1 '!$C$421:$V$421,'FASE 1 '!$C$430:$V$430) -> 0 | K10: =+_xlfn.XLOOKUP($B10,'FASE 1 '!$C$421:$V$421,'FASE 1 '!$C$431:$V$431) -> 0 | L10: =+AVERAGE(C10:K10) -> 0.095869548 | M10: =C10 -> 0.38333333 | N10: =D10 -> 0.29767442 | O10: =E10 -> 0.18181818 | P10: =F10 -> 0 | Q10: =G10 -> 0 | R10: =H10 -> 0 | S10: =I10 -> 0 | T10: =J10 -> 0 | U10: =K10 -> 0
B11: Grada Buque (9cm) | C11: =+_xlfn.XLOOKUP($B11,'FASE 1 '!$C$421:$V$421,'FASE 1 '!$C$423:$V$423) -> 0.58333333 | D11: =+_xlfn.XLOOKUP($B11,'FASE 1 '!$C$421:$V$421,'FASE 1 '!$C$424:$V$424) -> 0.46511628 | E11: =+_xlfn.XLOOKUP($B11,'FASE 1 '!$C$421:$V$421,'FASE 1 '!$C$425:$V$425) -> 0 | F11: =+_xlfn.XLOOKUP($B11,'FASE 1 '!$C$421:$V$421,'FASE 1 '!$C$426:$V$426) -> 0 | G11: =+_xlfn.XLOOKUP($B11,'FASE 1 '!$C$421:$V$421,'FASE 1 '!$C$427:$V$427) -> 0 | H11: =+_xlfn.XLOOKUP($B11,'FASE 1 '!$C$421:$V$421,'FASE 1 '!$C$428:$V$428) -> 0 | I11: =+_xlfn.XLOOKUP($B11,'FASE 1 '!$C$421:$V$421,'FASE 1 '!$C$429:$V$429) -> 0 | J11: =+_xlfn.XLOOKUP($B11,'FASE 1 '!$C$421:$V$421,'FASE 1 '!$C$430:$V$430) -> 0 | K11: =+_xlfn.XLOOKUP($B11,'FASE 1 '!$C$421:$V$421,'FASE 1 '!$C$431:$V$431) -> 0 | L11: =+AVERAGE(C11:K11) -> 0.1164944 | M11: =C11 -> 0.58333333 | N11: =D11 -> 0.46511628 | O11: =E11 -> 0 | P11: =F11 -> 0 | Q11: =G11 -> 0 | R11: =H11 -> 0 | S11: =I11 -> 0 | T11: =J11 -> 0 | U11: =K11 -> 0
B12: Rasgo ventana - terrazas | C12: =+_xlfn.XLOOKUP($B12,'FASE 1 '!$C$421:$V$421,'FASE 1 '!$C$423:$V$423) -> 0.575 | D12: =+_xlfn.XLOOKUP($B12,'FASE 1 '!$C$421:$V$421,'FASE 1 '!$C$424:$V$424) -> 0.19883721 | E12: =+_xlfn.XLOOKUP($B12,'FASE 1 '!$C$421:$V$421,'FASE 1 '!$C$425:$V$425) -> 0 | F12: =+_xlfn.XLOOKUP($B12,'FASE 1 '!$C$421:$V$421,'FASE 1 '!$C$426:$V$426) -> 0 | G12: =+_xlfn.XLOOKUP($B12,'FASE 1 '!$C$421:$V$421,'FASE 1 '!$C$427:$V$427) -> 0 | H12: =+_xlfn.XLOOKUP($B12,'FASE 1 '!$C$421:$V$421,'FASE 1 '!$C$428:$V$428) -> 0 | I12: =+_xlfn.XLOOKUP($B12,'FASE 1 '!$C$421:$V$421,'FASE 1 '!$C$429:$V$429) -> 0 | J12: =+_xlfn.XLOOKUP($B12,'FASE 1 '!$C$421:$V$421,'FASE 1 '!$C$430:$V$430) -> 0 | K12: =+_xlfn.XLOOKUP($B12,'FASE 1 '!$C$421:$V$421,'FASE 1 '!$C$431:$V$431) -> 0 | L12: =+AVERAGE(C12:K12) -> 0.085981912 | M12: =C12 -> 0.575 | N12: =D12 -> 0.19883721 | O12: =E12 -> 0 | P12: =F12 -> 0 | Q12: =G12 -> 0 | R12: =H12 -> 0 | S12: =I12 -> 0 | T12: =J12 -> 0 | U12: =K12 -> 0
B13: Despeje caja electricas | C13: =+_xlfn.XLOOKUP($B13,'FASE 1 '!$C$421:$V$421,'FASE 1 '!$C$423:$V$423) -> 0.52083333 | D13: =+_xlfn.XLOOKUP($B13,'FASE 1 '!$C$421:$V$421,'FASE 1 '!$C$424:$V$424) -> 0.48837209 | E13: =+_xlfn.XLOOKUP($B13,'FASE 1 '!$C$421:$V$421,'FASE 1 '!$C$425:$V$425) -> 0.12272727 | F13: =+_xlfn.XLOOKUP($B13,'FASE 1 '!$C$421:$V$421,'FASE 1 '!$C$426:$V$426) -> 0 | G13: =+_xlfn.XLOOKUP($B13,'FASE 1 '!$C$421:$V$421,'FASE 1 '!$C$427:$V$427) -> 0 | H13: =+_xlfn.XLOOKUP($B13,'FASE 1 '!$C$421:$V$421,'FASE 1 '!$C$428:$V$428) -> 0 | I13: =+_xlfn.XLOOKUP($B13,'FASE 1 '!$C$421:$V$421,'FASE 1 '!$C$429:$V$429) -> 0 | J13: =+_xlfn.XLOOKUP($B13,'FASE 1 '!$C$421:$V$421,'FASE 1 '!$C$430:$V$430) -> 0 | K13: =+_xlfn.XLOOKUP($B13,'FASE 1 '!$C$421:$V$421,'FASE 1 '!$C$431:$V$431) -> 0 | L13: =+AVERAGE(C13:K13) -> 0.1257703 | M13: =C13 -> 0.52083333 | N13: =D13 -> 0.48837209 | O13: =E13 -> 0.12272727 | P13: =F13 -> 0 | Q13: =G13 -> 0 | R13: =H13 -> 0 | S13: =I13 -> 0 | T13: =J13 -> 0 | U13: =K13 -> 0
B14: Yeso Muro | C14: =+_xlfn.XLOOKUP($B14,'FASE 1 '!$C$421:$V$421,'FASE 1 '!$C$423:$V$423) -> 0.58333333 | D14: =+_xlfn.XLOOKUP($B14,'FASE 1 '!$C$421:$V$421,'FASE 1 '!$C$424:$V$424) -> 0.45348837 | E14: =+_xlfn.XLOOKUP($B14,'FASE 1 '!$C$421:$V$421,'FASE 1 '!$C$425:$V$425) -> 0.18181818 | F14: =+_xlfn.XLOOKUP($B14,'FASE 1 '!$C$421:$V$421,'FASE 1 '!$C$426:$V$426) -> 0 | G14: =+_xlfn.XLOOKUP($B14,'FASE 1 '!$C$421:$V$421,'FASE 1 '!$C$427:$V$427) -> 0 | H14: =+_xlfn.XLOOKUP($B14,'FASE 1 '!$C$421:$V$421,'FASE 1 '!$C$428:$V$428) -> 0 | I14: =+_xlfn.XLOOKUP($B14,'FASE 1 '!$C$421:$V$421,'FASE 1 '!$C$429:$V$429) -> 0 | J14: =+_xlfn.XLOOKUP($B14,'FASE 1 '!$C$421:$V$421,'FASE 1 '!$C$430:$V$430) -> 0 | K14: =+_xlfn.XLOOKUP($B14,'FASE 1 '!$C$421:$V$421,'FASE 1 '!$C$431:$V$431) -> 0 | L14: =+AVERAGE(C14:K14) -> 0.13540443 | M14: =C14 -> 0.58333333 | N14: =D14 -> 0.45348837 | O14: =E14 -> 0.18181818 | P14: =F14 -> 0 | Q14: =G14 -> 0 | R14: =H14 -> 0 | S14: =I14 -> 0 | T14: =J14 -> 0 | U14: =K14 -> 0
B15: Yeso Cielo | C15: =+_xlfn.XLOOKUP($B15,'FASE 1 '!$C$421:$V$421,'FASE 1 '!$C$423:$V$423) -> 0.58333333 | D15: =+_xlfn.XLOOKUP($B15,'FASE 1 '!$C$421:$V$421,'FASE 1 '!$C$424:$V$424) -> 0.18604651 | E15: =+_xlfn.XLOOKUP($B15,'FASE 1 '!$C$421:$V$421,'FASE 1 '!$C$425:$V$425) -> 0 | F15: =+_xlfn.XLOOKUP($B15,'FASE 1 '!$C$421:$V$421,'FASE 1 '!$C$426:$V$426) -> 0 | G15: =+_xlfn.XLOOKUP($B15,'FASE 1 '!$C$421:$V$421,'FASE 1 '!$C$427:$V$427) -> 0 | H15: =+_xlfn.XLOOKUP($B15,'FASE 1 '!$C$421:$V$421,'FASE 1 '!$C$428:$V$428) -> 0 | I15: =+_xlfn.XLOOKUP($B15,'FASE 1 '!$C$421:$V$421,'FASE 1 '!$C$429:$V$429) -> 0 | J15: =+_xlfn.XLOOKUP($B15,'FASE 1 '!$C$421:$V$421,'FASE 1 '!$C$430:$V$430) -> 0 | K15: =+_xlfn.XLOOKUP($B15,'FASE 1 '!$C$421:$V$421,'FASE 1 '!$C$431:$V$431) -> 0 | L15: =+AVERAGE(C15:K15) -> 0.085486649 | M15: =C15 -> 0.58333333 | N15: =D15 -> 0.18604651 | O15: =E15 -> 0 | P15: =F15 -> 0 | Q15: =G15 -> 0 | R15: =H15 -> 0 | S15: =I15 -> 0 | T15: =J15 -> 0 | U15: =K15 -> 0
B16: Sanitario vertical y ramal | C16: =+_xlfn.XLOOKUP($B16,'FASE 1 '!$C$421:$V$421,'FASE 1 '!$C$423:$V$423) -> 0.31666667 | D16: =+_xlfn.XLOOKUP($B16,'FASE 1 '!$C$421:$V$421,'FASE 1 '!$C$424:$V$424) -> 0 | E16: =+_xlfn.XLOOKUP($B16,'FASE 1 '!$C$421:$V$421,'FASE 1 '!$C$425:$V$425) -> 0 | F16: =+_xlfn.XLOOKUP($B16,'FASE 1 '!$C$421:$V$421,'FASE 1 '!$C$426:$V$426) -> 0 | G16: =+_xlfn.XLOOKUP($B16,'FASE 1 '!$C$421:$V$421,'FASE 1 '!$C$427:$V$427) -> 0 | H16: =+_xlfn.XLOOKUP($B16,'FASE 1 '!$C$421:$V$421,'FASE 1 '!$C$428:$V$428) -> 0 | I16: =+_xlfn.XLOOKUP($B16,'FASE 1 '!$C$421:$V$421,'FASE 1 '!$C$429:$V$429) -> 0 | J16: =+_xlfn.XLOOKUP($B16,'FASE 1 '!$C$421:$V$421,'FASE 1 '!$C$430:$V$430) -> 0 | K16: =+_xlfn.XLOOKUP($B16,'FASE 1 '!$C$421:$V$421,'FASE 1 '!$C$431:$V$431) -> 0 | L16: =+AVERAGE(C16:K16) -> 0.035185185 | M16: =C16 -> 0.31666667 | N16: =D16 -> 0 | O16: =E16 -> 0 | P16: =F16 -> 0 | Q16: =G16 -> 0 | R16: =H16 -> 0 | S16: =I16 -> 0 | T16: =J16 -> 0 | U16: =K16 -> 0
B17: Instalación Lana Mineral Verticales Samitarias | C17: =+_xlfn.XLOOKUP($B17,'FASE 1 '!$C$421:$V$421,'FASE 1 '!$C$423:$V$423) -> 0.20833333 | D17: =+_xlfn.XLOOKUP($B17,'FASE 1 '!$C$421:$V$421,'FASE 1 '!$C$424:$V$424) -> 0 | E17: =+_xlfn.XLOOKUP($B17,'FASE 1 '!$C$421:$V$421,'FASE 1 '!$C$425:$V$425) -> 0 | F17: =+_xlfn.XLOOKUP($B17,'FASE 1 '!$C$421:$V$421,'FASE 1 '!$C$426:$V$426) -> 0 | G17: =+_xlfn.XLOOKUP($B17,'FASE 1 '!$C$421:$V$421,'FASE 1 '!$C$427:$V$427) -> 0 | H17: =+_xlfn.XLOOKUP($B17,'FASE 1 '!$C$421:$V$421,'FASE 1 '!$C$428:$V$428) -> 0 | I17: =+_xlfn.XLOOKUP($B17,'FASE 1 '!$C$421:$V$421,'FASE 1 '!$C$429:$V$429) -> 0 | J17: =+_xlfn.XLOOKUP($B17,'FASE 1 '!$C$421:$V$421,'FASE 1 '!$C$430:$V$430) -> 0 | K17: =+_xlfn.XLOOKUP($B17,'FASE 1 '!$C$421:$V$421,'FASE 1 '!$C$431:$V$431) -> 0 | L17: =+AVERAGE(C17:K17) -> 0.023148148 | M17: =C17 -> 0.20833333 | N17: =D17 -> 0 | O17: =E17 -> 0 | P17: =F17 -> 0 | Q17: =G17 -> 0 | R17: =H17 -> 0 | S17: =I17 -> 0 | T17: =J17 -> 0 | U17: =K17 -> 0
B18: Ductos de Extracción | C18: =+_xlfn.XLOOKUP($B18,'FASE 1 '!$C$421:$V$421,'FASE 1 '!$C$423:$V$423) -> 0.22916667 | D18: =+_xlfn.XLOOKUP($B18,'FASE 1 '!$C$421:$V$421,'FASE 1 '!$C$424:$V$424) -> 0.037209302 | E18: =+_xlfn.XLOOKUP($B18,'FASE 1 '!$C$421:$V$421,'FASE 1 '!$C$425:$V$425) -> 0 | F18: =+_xlfn.XLOOKUP($B18,'FASE 1 '!$C$421:$V$421,'FASE 1 '!$C$426:$V$426) -> 0 | G18: =+_xlfn.XLOOKUP($B18,'FASE 1 '!$C$421:$V$421,'FASE 1 '!$C$427:$V$427) -> 0 | H18: =+_xlfn.XLOOKUP($B18,'FASE 1 '!$C$421:$V$421,'FASE 1 '!$C$428:$V$428) -> 0 | I18: =+_xlfn.XLOOKUP($B18,'FASE 1 '!$C$421:$V$421,'FASE 1 '!$C$429:$V$429) -> 0 | J18: =+_xlfn.XLOOKUP($B18,'FASE 1 '!$C$421:$V$421,'FASE 1 '!$C$430:$V$430) -> 0 | K18: =+_xlfn.XLOOKUP($B18,'FASE 1 '!$C$421:$V$421,'FASE 1 '!$C$431:$V$431) -> 0 | L18: =+AVERAGE(C18:K18) -> 0.02959733 | M18: =C18 -> 0.22916667 | N18: =D18 -> 0.037209302 | O18: =E18 -> 0 | P18: =F18 -> 0 | Q18: =G18 -> 0 | R18: =H18 -> 0 | S18: =I18 -> 0 | T18: =J18 -> 0 | U18: =K18 -> 0
B19: Maquillaje de Terraza | C19: =+_xlfn.XLOOKUP($B19,'FASE 1 '!$C$421:$V$421,'FASE 1 '!$C$423:$V$423) -> 0.44166667 | D19: =+_xlfn.XLOOKUP($B19,'FASE 1 '!$C$421:$V$421,'FASE 1 '!$C$424:$V$424) -> 0.14651163 | E19: =+_xlfn.XLOOKUP($B19,'FASE 1 '!$C$421:$V$421,'FASE 1 '!$C$425:$V$425) -> 0 | F19: =+_xlfn.XLOOKUP($B19,'FASE 1 '!$C$421:$V$421,'FASE 1 '!$C$426:$V$426) -> 0 | G19: =+_xlfn.XLOOKUP($B19,'FASE 1 '!$C$421:$V$421,'FASE 1 '!$C$427:$V$427) -> 0 | H19: =+_xlfn.XLOOKUP($B19,'FASE 1 '!$C$421:$V$421,'FASE 1 '!$C$428:$V$428) -> 0 | I19: =+_xlfn.XLOOKUP($B19,'FASE 1 '!$C$421:$V$421,'FASE 1 '!$C$429:$V$429) -> 0 | J19: =+_xlfn.XLOOKUP($B19,'FASE 1 '!$C$421:$V$421,'FASE 1 '!$C$430:$V$430) -> 0 | K19: =+_xlfn.XLOOKUP($B19,'FASE 1 '!$C$421:$V$421,'FASE 1 '!$C$431:$V$431) -> 0 | L19: =+AVERAGE(C19:K19) -> 0.065353144 | M19: =C19 -> 0.44166667 | N19: =D19 -> 0.14651163 | O19: =E19 -> 0 | P19: =F19 -> 0 | Q19: =G19 -> 0 | R19: =H19 -> 0 | S19: =I19 -> 0 | T19: =J19 -> 0 | U19: =K19 -> 0
... B26: Mochetas y Dinteles Puerta Acceso | C26: =+_xlfn.XLOOKUP($B26,'FASE 1 '!$C$421:$V$421,'FASE 1 '!$C$423:$V$423) -> 0.11666667 | D26: =+_xlfn.XLOOKUP($B26,'FASE 1 '!$C$421:$V$421,'FASE 1 '!$C$424:$V$424) -> 0 | E26: =+_xlfn.XLOOKUP($B26,'FASE 1 '!$C$421:$V$421,'FASE 1 '!$C$425:$V$425) -> 0 | F26: =+_xlfn.XLOOKUP($B26,'FASE 1 '!$C$421:$V$421,'FASE 1 '!$C$426:$V$426) -> 0 | G26: =+_xlfn.XLOOKUP($B26,'FASE 1 '!$C$421:$V$421,'FASE 1 '!$C$427:$V$427) -> 0 | H26: =+_xlfn.XLOOKUP($B26,'FASE 1 '!$C$421:$V$421,'FASE 1 '!$C$428:$V$428) -> 0 | I26: =+_xlfn.XLOOKUP($B26,'FASE 1 '!$C$421:$V$421,'FASE 1 '!$C$429:$V$429) -> 0 | J26: =+_xlfn.XLOOKUP($B26,'FASE 1 '!$C$421:$V$421,'FASE 1 '!$C$430:$V$430) -> 0 | K26: =+_xlfn.XLOOKUP($B26,'FASE 1 '!$C$421:$V$421,'FASE 1 '!$C$431:$V$431) -> 0 | L26: =+AVERAGE(C26:K26) -> 0.012962963 | M26: =C26 -> 0.11666667 | N26: =D26 -> 0 | O26: =E26 -> 0 | P26: =F26 -> 0 | Q26: =G26 -> 0 | R26: =H26 -> 0 | S26: =I26 -> 0 | T26: =J26 -> 0 | U26: =K26 -> 0
B27: PORCENTAJE DE AVANCE POR PISO | C27: =+AVERAGE(C7:C26) -> 0.41520833 | D27: =+AVERAGE(D7:D26) -> 0.22343023 | E27: =+AVERAGE(E7:E26) -> 0.066363636 | F27: =+AVERAGE(F7:F26) -> 0 | G27: =+AVERAGE(G7:G26) -> 0 | H27: =+AVERAGE(H7:H26) -> 0 | I27: =+AVERAGE(I7:I26) -> 0 | J27: =+AVERAGE(J7:J26) -> 0 | K27: =+AVERAGE(K7:K26) -> 0
B28: PORCENTAJE DE AVANCE GENERAL DE FASE | C28: =+AVERAGE(C27:K27) -> 0.078333578
A29: FASE 2 | B29: Partidas | C29: PISO 1 | D29: PISO 2 | E29: PISO 3 | F29: PISO 4 | G29: PISO 5 | H29: PISO 6 | I29: PISO 7 | J29: PISO 8 | K29: PISO 9 | L29: % Avance Real
B30: Huinchas tabiques | C30: =+_xlfn.XLOOKUP($B30,'FASE 2 '!$C$408:$Q$408,'FASE 2 '!$C$410:$Q$410) -> 0.15 | D30: =+_xlfn.XLOOKUP($B30,'FASE 2 '!$C$408:$Q$408,'FASE 2 '!$C$411:$Q$411) -> 0 | E30: =+_xlfn.XLOOKUP($B30,'FASE 2 '!$C$408:$Q$408,'FASE 2 '!$C$412:$Q$412) -> 0 | F30: =+_xlfn.XLOOKUP($B30,'FASE 2 '!$C$408:$Q$408,'FASE 2 '!$C$413:$Q$413) -> 0 | G30: =+_xlfn.XLOOKUP($B30,'FASE 2 '!$C$408:$Q$408,'FASE 2 '!$C$414:$Q$414) -> 0 | H30: =+_xlfn.XLOOKUP($B30,'FASE 2 '!$C$408:$Q$408,'FASE 2 '!$C$415:$Q$415) -> 0 | I30: =+_xlfn.XLOOKUP($B30,'FASE 2 '!$C$408:$Q$408,'FASE 2 '!$C$416:$Q$416) -> 0 | J30: =+_xlfn.XLOOKUP($B30,'FASE 2 '!$C$408:$Q$408,'FASE 2 '!$C$417:$Q$417) -> 0 | K30: =+_xlfn.XLOOKUP($B30,'FASE 2 '!$C$408:$Q$408,'FASE 2 '!$C$418:$Q$418) -> 0 | L30: =+AVERAGE(C30:K30) -> 0.016666667 | N30: =C30 -> 0.15 | O30: =D30 -> 0 | P30: =E30 -> 0 | Q30: =F30 -> 0 | R30: =G30 -> 0 | S30: =H30 -> 0 | T30: =I30 -> 0 | U30: =J30 -> 0 | V30: =K30 -> 0
B31: Instalación Marco Puerta Acceso | C31: =+_xlfn.XLOOKUP($B31,'FASE 2 '!$C$408:$Q$408,'FASE 2 '!$C$410:$Q$410) -> 0.083333333 | D31: =+_xlfn.XLOOKUP($B31,'FASE 2 '!$C$408:$Q$408,'FASE 2 '!$C$411:$Q$411) -> 0 | E31: =+_xlfn.XLOOKUP($B31,'FASE 2 '!$C$408:$Q$408,'FASE 2 '!$C$412:$Q$412) -> 0 | F31: =+_xlfn.XLOOKUP($B31,'FASE 2 '!$C$408:$Q$408,'FASE 2 '!$C$413:$Q$413) -> 0 | G31: =+_xlfn.XLOOKUP($B31,'FASE 2 '!$C$408:$Q$408,'FASE 2 '!$C$414:$Q$414) -> 0 | H31: =+_xlfn.XLOOKUP($B31,'FASE 2 '!$C$408:$Q$408,'FASE 2 '!$C$415:$Q$415) -> 0 | I31: =+_xlfn.XLOOKUP($B31,'FASE 2 '!$C$408:$Q$408,'FASE 2 '!$C$416:$Q$416) -> 0 | J31: =+_xlfn.XLOOKUP($B31,'FASE 2 '!$C$408:$Q$408,'FASE 2 '!$C$417:$Q$417) -> 0 | K31: =+_xlfn.XLOOKUP($B31,'FASE 2 '!$C$408:$Q$408,'FASE 2 '!$C$418:$Q$418) -> 0 | L31: =+AVERAGE(C31:K31) -> 0.0092592593 | N31: =C31 -> 0.083333333 | O31: =D31 -> 0 | P31: =E31 -> 0 | Q31: =F31 -> 0 | R31: =G31 -> 0 | S31: =H31 -> 0 | T31: =I31 -> 0 | U31: =J31 -> 0 | V31: =K31 -> 0
B32: Marcos Puertas Interiores | C32: =+_xlfn.XLOOKUP($B32,'FASE 2 '!$C$408:$Q$408,'FASE 2 '!$C$410:$Q$410) -> 0.083333333 | D32: =+_xlfn.XLOOKUP($B32,'FASE 2 '!$C$408:$Q$408,'FASE 2 '!$C$411:$Q$411) -> 0 | E32: =+_xlfn.XLOOKUP($B32,'FASE 2 '!$C$408:$Q$408,'FASE 2 '!$C$412:$Q$412) -> 0 | F32: =+_xlfn.XLOOKUP($B32,'FASE 2 '!$C$408:$Q$408,'FASE 2 '!$C$413:$Q$413) -> 0 | G32: =+_xlfn.XLOOKUP($B32,'FASE 2 '!$C$408:$Q$408,'FASE 2 '!$C$414:$Q$414) -> 0 | H32: =+_xlfn.XLOOKUP($B32,'FASE 2 '!$C$408:$Q$408,'FASE 2 '!$C$415:$Q$415) -> 0 | I32: =+_xlfn.XLOOKUP($B32,'FASE 2 '!$C$408:$Q$408,'FASE 2 '!$C$416:$Q$416) -> 0 | J32: =+_xlfn.XLOOKUP($B32,'FASE 2 '!$C$408:$Q$408,'FASE 2 '!$C$417:$Q$417) -> 0 | K32: =+_xlfn.XLOOKUP($B32,'FASE 2 '!$C$408:$Q$408,'FASE 2 '!$C$418:$Q$418) -> 0 | L32: =+AVERAGE(C32:K32) -> 0.0092592593 | N32: =C32 -> 0.083333333 | O32: =D32 -> 0 | P32: =E32 -> 0 | Q32: =F32 -> 0 | R32: =G32 -> 0 | S32: =H32 -> 0 | T32: =I32 -> 0 | U32: =J32 -> 0 | V32: =K32 -> 0
B33: Impermeabilizacion Baños | C33: =+_xlfn.XLOOKUP($B33,'FASE 2 '!$C$408:$Q$408,'FASE 2 '!$C$410:$Q$410) -> 0.36666667 | D33: =+_xlfn.XLOOKUP($B33,'FASE 2 '!$C$408:$Q$408,'FASE 2 '!$C$411:$Q$411) -> 0 | E33: =+_xlfn.XLOOKUP($B33,'FASE 2 '!$C$408:$Q$408,'FASE 2 '!$C$412:$Q$412) -> 0 | F33: =+_xlfn.XLOOKUP($B33,'FASE 2 '!$C$408:$Q$408,'FASE 2 '!$C$413:$Q$413) -> 0 | G33: =+_xlfn.XLOOKUP($B33,'FASE 2 '!$C$408:$Q$408,'FASE 2 '!$C$414:$Q$414) -> 0 | H33: =+_xlfn.XLOOKUP($B33,'FASE 2 '!$C$408:$Q$408,'FASE 2 '!$C$415:$Q$415) -> 0 | I33: =+_xlfn.XLOOKUP($B33,'FASE 2 '!$C$408:$Q$408,'FASE 2 '!$C$416:$Q$416) -> 0 | J33: =+_xlfn.XLOOKUP($B33,'FASE 2 '!$C$408:$Q$408,'FASE 2 '!$C$417:$Q$417) -> 0 | K33: =+_xlfn.XLOOKUP($B33,'FASE 2 '!$C$408:$Q$408,'FASE 2 '!$C$418:$Q$418) -> 0 | L33: =+AVERAGE(C33:K33) -> 0.040740741 | N33: =C33 -> 0.36666667 | O33: =D33 -> 0 | P33: =E33 -> 0 | Q33: =F33 -> 0 | R33: =G33 -> 0 | S33: =H33 -> 0 | T33: =I33 -> 0 | U33: =J33 -> 0 | V33: =K33 -> 0
B34: Impermeabilizacion Terrazas | C34: =+_xlfn.XLOOKUP($B34,'FASE 2 '!$C$408:$Q$408,'FASE 2 '!$C$410:$Q$410) -> 0.16666667 | D34: =+_xlfn.XLOOKUP($B34,'FASE 2 '!$C$408:$Q$408,'FASE 2 '!$C$411:$Q$411) -> 0 | E34: =+_xlfn.XLOOKUP($B34,'FASE 2 '!$C$408:$Q$408,'FASE 2 '!$C$412:$Q$412) -> 0 | F34: =+_xlfn.XLOOKUP($B34,'FASE 2 '!$C$408:$Q$408,'FASE 2 '!$C$413:$Q$413) -> 0 | G34: =+_xlfn.XLOOKUP($B34,'FASE 2 '!$C$408:$Q$408,'FASE 2 '!$C$414:$Q$414) -> 0 | H34: =+_xlfn.XLOOKUP($B34,'FASE 2 '!$C$408:$Q$408,'FASE 2 '!$C$415:$Q$415) -> 0 | I34: =+_xlfn.XLOOKUP($B34,'FASE 2 '!$C$408:$Q$408,'FASE 2 '!$C$416:$Q$416) -> 0 | J34: =+_xlfn.XLOOKUP($B34,'FASE 2 '!$C$408:$Q$408,'FASE 2 '!$C$417:$Q$417) -> 0 | K34: =+_xlfn.XLOOKUP($B34,'FASE 2 '!$C$408:$Q$408,'FASE 2 '!$C$418:$Q$418) -> 0 | L34: =+AVERAGE(C34:K34) -> 0.018518519 | N34: =C34 -> 0.16666667 | O34: =D34 -> 0 | P34: =E34 -> 0 | Q34: =F34 -> 0 | R34: =G34 -> 0 | S34: =H34 -> 0 | T34: =I34 -> 0 | U34: =J34 -> 0 | V34: =K34 -> 0
B35: Preparación de Pisos | C35: =+_xlfn.XLOOKUP($B35,'FASE 2 '!$C$408:$Q$408,'FASE 2 '!$C$410:$Q$410) -> 0.34583333 | D35: =+_xlfn.XLOOKUP($B35,'FASE 2 '!$C$408:$Q$408,'FASE 2 '!$C$411:$Q$411) -> 0 | E35: =+_xlfn.XLOOKUP($B35,'FASE 2 '!$C$408:$Q$408,'FASE 2 '!$C$412:$Q$412) -> 0 | F35: =+_xlfn.XLOOKUP($B35,'FASE 2 '!$C$408:$Q$408,'FASE 2 '!$C$413:$Q$413) -> 0 | G35: =+_xlfn.XLOOKUP($B35,'FASE 2 '!$C$408:$Q$408,'FASE 2 '!$C$414:$Q$414) -> 0 | H35: =+_xlfn.XLOOKUP($B35,'FASE 2 '!$C$408:$Q$408,'FASE 2 '!$C$415:$Q$415) -> 0 | I35: =+_xlfn.XLOOKUP($B35,'FASE 2 '!$C$408:$Q$408,'FASE 2 '!$C$416:$Q$416) -> 0 | J35: =+_xlfn.XLOOKUP($B35,'FASE 2 '!$C$408:$Q$408,'FASE 2 '!$C$417:$Q$417) -> 0 | K35: =+_xlfn.XLOOKUP($B35,'FASE 2 '!$C$408:$Q$408,'FASE 2 '!$C$418:$Q$418) -> 0 | L35: =+AVERAGE(C35:K35) -> 0.038425926 | N35: =C35 -> 0.34583333 | O35: =D35 -> 0 | P35: =E35 -> 0 | Q35: =F35 -> 0 | R35: =G35 -> 0 | S35: =H35 -> 0 | T35: =I35 -> 0 | U35: =J35 -> 0 | V35: =K35 -> 0
B36: Instalacion de tina/Receptaculo | C36: =+_xlfn.XLOOKUP($B36,'FASE 2 '!$C$408:$Q$408,'FASE 2 '!$C$410:$Q$410) -> 0.083333333 | D36: =+_xlfn.XLOOKUP($B36,'FASE 2 '!$C$408:$Q$408,'FASE 2 '!$C$411:$Q$411) -> 0 | E36: =+_xlfn.XLOOKUP($B36,'FASE 2 '!$C$408:$Q$408,'FASE 2 '!$C$412:$Q$412) -> 0 | F36: =+_xlfn.XLOOKUP($B36,'FASE 2 '!$C$408:$Q$408,'FASE 2 '!$C$413:$Q$413) -> 0 | G36: =+_xlfn.XLOOKUP($B36,'FASE 2 '!$C$408:$Q$408,'FASE 2 '!$C$414:$Q$414) -> 0 | H36: =+_xlfn.XLOOKUP($B36,'FASE 2 '!$C$408:$Q$408,'FASE 2 '!$C$415:$Q$415) -> 0 | I36: =+_xlfn.XLOOKUP($B36,'FASE 2 '!$C$408:$Q$408,'FASE 2 '!$C$416:$Q$416) -> 0 | J36: =+_xlfn.XLOOKUP($B36,'FASE 2 '!$C$408:$Q$408,'FASE 2 '!$C$417:$Q$417) -> 0 | K36: =+_xlfn.XLOOKUP($B36,'FASE 2 '!$C$408:$Q$408,'FASE 2 '!$C$418:$Q$418) -> 0 | L36: =+AVERAGE(C36:K36) -> 0.0092592593 | N36: =C36 -> 0.083333333 | O36: =D36 -> 0 | P36: =E36 -> 0 | Q36: =F36 -> 0 | R36: =G36 -> 0 | S36: =H36 -> 0 | T36: =I36 -> 0 | U36: =J36 -> 0 | V36: =K36 -> 0
B37: Protección Tina/receptaculo | C37: =+_xlfn.XLOOKUP($B37,'FASE 2 '!$C$408:$Q$408,'FASE 2 '!$C$410:$Q$410) -> 0.083333333 | D37: =+_xlfn.XLOOKUP($B37,'FASE 2 '!$C$408:$Q$408,'FASE 2 '!$C$411:$Q$411) -> 0 | E37: =+_xlfn.XLOOKUP($B37,'FASE 2 '!$C$408:$Q$408,'FASE 2 '!$C$412:$Q$412) -> 0 | F37: =+_xlfn.XLOOKUP($B37,'FASE 2 '!$C$408:$Q$408,'FASE 2 '!$C$413:$Q$413) -> 0 | G37: =+_xlfn.XLOOKUP($B37,'FASE 2 '!$C$408:$Q$408,'FASE 2 '!$C$414:$Q$414) -> 0 | H37: =+_xlfn.XLOOKUP($B37,'FASE 2 '!$C$408:$Q$408,'FASE 2 '!$C$415:$Q$415) -> 0 | I37: =+_xlfn.XLOOKUP($B37,'FASE 2 '!$C$408:$Q$408,'FASE 2 '!$C$416:$Q$416) -> 0 | J37: =+_xlfn.XLOOKUP($B37,'FASE 2 '!$C$408:$Q$408,'FASE 2 '!$C$417:$Q$417) -> 0 | K37: =+_xlfn.XLOOKUP($B37,'FASE 2 '!$C$408:$Q$408,'FASE 2 '!$C$418:$Q$418) -> 0 | L37: =+AVERAGE(C37:K37) -> 0.0092592593 | N37: =C37 -> 0.083333333 | O37: =D37 -> 0 | P37: =E37 -> 0 | Q37: =F37 -> 0 | R37: =G37 -> 0 | S37: =H37 -> 0 | T37: =I37 -> 0 | U37: =J37 -> 0 | V37: =K37 -> 0
B38: Faldon de tina. | C38: =+_xlfn.XLOOKUP($B38,'FASE 2 '!$C$408:$Q$408,'FASE 2 '!$C$410:$Q$410) -> 0.083333333 | D38: =+_xlfn.XLOOKUP($B38,'FASE 2 '!$C$408:$Q$408,'FASE 2 '!$C$411:$Q$411) -> 0 | E38: =+_xlfn.XLOOKUP($B38,'FASE 2 '!$C$408:$Q$408,'FASE 2 '!$C$412:$Q$412) -> 0 | F38: =+_xlfn.XLOOKUP($B38,'FASE 2 '!$C$408:$Q$408,'FASE 2 '!$C$413:$Q$413) -> 0 | G38: =+_xlfn.XLOOKUP($B38,'FASE 2 '!$C$408:$Q$408,'FASE 2 '!$C$414:$Q$414) -> 0 | H38: =+_xlfn.XLOOKUP($B38,'FASE 2 '!$C$408:$Q$408,'FASE 2 '!$C$415:$Q$415) -> 0 | I38: =+_xlfn.XLOOKUP($B38,'FASE 2 '!$C$408:$Q$408,'FASE 2 '!$C$416:$Q$416) -> 0 | J38: =+_xlfn.XLOOKUP($B38,'FASE 2 '!$C$408:$Q$408,'FASE 2 '!$C$417:$Q$417) -> 0 | K38: =+_xlfn.XLOOKUP($B38,'FASE 2 '!$C$408:$Q$408,'FASE 2 '!$C$418:$Q$418) -> 0 | L38: =+AVERAGE(C38:K38) -> 0.0092592593 | N38: =C38 -> 0.083333333 | O38: =D38 -> 0 | P38: =E38 -> 0 | Q38: =F38 -> 0 | R38: =G38 -> 0 | S38: =H38 -> 0 | T38: =I38 -> 0 | U38: =J38 -> 0 | V38: =K38 -> 0
B39: Instalación Ventana | C39: =+_xlfn.XLOOKUP($B39,'FASE 2 '!$C$408:$Q$408,'FASE 2 '!$C$410:$Q$410) -> 0.083333333 | D39: =+_xlfn.XLOOKUP($B39,'FASE 2 '!$C$408:$Q$408,'FASE 2 '!$C$411:$Q$411) -> 0 | E39: =+_xlfn.XLOOKUP($B39,'FASE 2 '!$C$408:$Q$408,'FASE 2 '!$C$412:$Q$412) -> 0 | F39: =+_xlfn.XLOOKUP($B39,'FASE 2 '!$C$408:$Q$408,'FASE 2 '!$C$413:$Q$413) -> 0 | G39: =+_xlfn.XLOOKUP($B39,'FASE 2 '!$C$408:$Q$408,'FASE 2 '!$C$414:$Q$414) -> 0 | H39: =+_xlfn.XLOOKUP($B39,'FASE 2 '!$C$408:$Q$408,'FASE 2 '!$C$415:$Q$415) -> 0 | I39: =+_xlfn.XLOOKUP($B39,'FASE 2 '!$C$408:$Q$408,'FASE 2 '!$C$416:$Q$416) -> 0 | J39: =+_xlfn.XLOOKUP($B39,'FASE 2 '!$C$408:$Q$408,'FASE 2 '!$C$417:$Q$417) -> 0 | K39: =+_xlfn.XLOOKUP($B39,'FASE 2 '!$C$408:$Q$408,'FASE 2 '!$C$418:$Q$418) -> 0 | L39: =+AVERAGE(C39:K39) -> 0.0092592593 | N39: =C39 -> 0.083333333 | O39: =D39 -> 0 | P39: =E39 -> 0 | Q39: =F39 -> 0 | R39: =G39 -> 0 | S39: =H39 -> 0 | T39: =I39 -> 0 | U39: =J39 -> 0 | V39: =K39 -> 0
B40: Ceramica Pisos | C40: =+_xlfn.XLOOKUP($B40,'FASE 2 '!$C$408:$Q$408,'FASE 2 '!$C$410:$Q$410) -> 0.041666667 | D40: =+_xlfn.XLOOKUP($B40,'FASE 2 '!$C$408:$Q$408,'FASE 2 '!$C$411:$Q$411) -> 0 | E40: =+_xlfn.XLOOKUP($B40,'FASE 2 '!$C$408:$Q$408,'FASE 2 '!$C$412:$Q$412) -> 0 | F40: =+_xlfn.XLOOKUP($B40,'FASE 2 '!$C$408:$Q$408,'FASE 2 '!$C$413:$Q$413) -> 0 | G40: =+_xlfn.XLOOKUP($B40,'FASE 2 '!$C$408:$Q$408,'FASE 2 '!$C$414:$Q$414) -> 0 | H40: =+_xlfn.XLOOKUP($B40,'FASE 2 '!$C$408:$Q$408,'FASE 2 '!$C$415:$Q$415) -> 0 | I40: =+_xlfn.XLOOKUP($B40,'FASE 2 '!$C$408:$Q$408,'FASE 2 '!$C$416:$Q$416) -> 0 | J40: =+_xlfn.XLOOKUP($B40,'FASE 2 '!$C$408:$Q$408,'FASE 2 '!$C$417:$Q$417) -> 0 | K40: =+_xlfn.XLOOKUP($B40,'FASE 2 '!$C$408:$Q$408,'FASE 2 '!$C$418:$Q$418) -> 0 | L40: =+AVERAGE(C40:K40) -> 0.0046296296 | N40: =C40 -> 0.041666667 | O40: =D40 -> 0 | P40: =E40 -> 0 | Q40: =F40 -> 0 | R40: =G40 -> 0 | S40: =H40 -> 0 | T40: =I40 -> 0 | U40: =J40 -> 0 | V40: =K40 -> 0
B41: Ceramica Muros | C41: =+_xlfn.XLOOKUP($B41,'FASE 2 '!$C$408:$Q$408,'FASE 2 '!$C$410:$Q$410) -> 0.041666667 | D41: =+_xlfn.XLOOKUP($B41,'FASE 2 '!$C$408:$Q$408,'FASE 2 '!$C$411:$Q$411) -> 0 | E41: =+_xlfn.XLOOKUP($B41,'FASE 2 '!$C$408:$Q$408,'FASE 2 '!$C$412:$Q$412) -> 0 | F41: =+_xlfn.XLOOKUP($B41,'FASE 2 '!$C$408:$Q$408,'FASE 2 '!$C$413:$Q$413) -> 0 | G41: =+_xlfn.XLOOKUP($B41,'FASE 2 '!$C$408:$Q$408,'FASE 2 '!$C$414:$Q$414) -> 0 | H41: =+_xlfn.XLOOKUP($B41,'FASE 2 '!$C$408:$Q$408,'FASE 2 '!$C$415:$Q$415) -> 0 | I41: =+_xlfn.XLOOKUP($B41,'FASE 2 '!$C$408:$Q$408,'FASE 2 '!$C$416:$Q$416) -> 0 | J41: =+_xlfn.XLOOKUP($B41,'FASE 2 '!$C$408:$Q$408,'FASE 2 '!$C$417:$Q$417) -> 0 | K41: =+_xlfn.XLOOKUP($B41,'FASE 2 '!$C$408:$Q$408,'FASE 2 '!$C$418:$Q$418) -> 0 | L41: =+AVERAGE(C41:K41) -> 0.0046296296 | N41: =C41 -> 0.041666667 | O41: =D41 -> 0 | P41: =E41 -> 0 | Q41: =F41 -> 0 | R41: =G41 -> 0 | S41: =H41 -> 0 | T41: =I41 -> 0 | U41: =J41 -> 0 | V41: =K41 -> 0
... B44: Cerámica de Terrazas | C44: =+_xlfn.XLOOKUP($B44,'FASE 2 '!$C$408:$Q$408,'FASE 2 '!$C$410:$Q$410) -> 0.125 | D44: =+_xlfn.XLOOKUP($B44,'FASE 2 '!$C$408:$Q$408,'FASE 2 '!$C$411:$Q$411) -> 0 | E44: =+_xlfn.XLOOKUP($B44,'FASE 2 '!$C$408:$Q$408,'FASE 2 '!$C$412:$Q$412) -> 0 | F44: =+_xlfn.XLOOKUP($B44,'FASE 2 '!$C$408:$Q$408,'FASE 2 '!$C$413:$Q$413) -> 0 | G44: =+_xlfn.XLOOKUP($B44,'FASE 2 '!$C$408:$Q$408,'FASE 2 '!$C$414:$Q$414) -> 0 | H44: =+_xlfn.XLOOKUP($B44,'FASE 2 '!$C$408:$Q$408,'FASE 2 '!$C$415:$Q$415) -> 0 | I44: =+_xlfn.XLOOKUP($B44,'FASE 2 '!$C$408:$Q$408,'FASE 2 '!$C$416:$Q$416) -> 0 | J44: =+_xlfn.XLOOKUP($B44,'FASE 2 '!$C$408:$Q$408,'FASE 2 '!$C$417:$Q$417) -> 0 | K44: =+_xlfn.XLOOKUP($B44,'FASE 2 '!$C$408:$Q$408,'FASE 2 '!$C$418:$Q$418) -> 0 | L44: =+AVERAGE(C44:K44) -> 0.013888889 | N44: =C44 -> 0.125 | O44: =D44 -> 0 | P44: =E44 -> 0 | Q44: =F44 -> 0 | R44: =G44 -> 0 | S44: =H44 -> 0 | T44: =I44 -> 0 | U44: =J44 -> 0 | V44: =K44 -> 0
B45: PORCENTAJE DE AVANCE POR PISO | C45: =+AVERAGE(C30:C44) -> 0.11861111 | D45: =+AVERAGE(D30:D44) -> 0 | E45: =+AVERAGE(E30:E44) -> 0 | F45: =+AVERAGE(F30:F44) -> 0 | G45: =+AVERAGE(G30:G44) -> 0 | H45: =+AVERAGE(H30:H44) -> 0 | I45: =+AVERAGE(I30:I44) -> 0 | J45: =+AVERAGE(J30:J44) -> 0 | K45: =+AVERAGE(K30:K44) -> 0
B46: PORCENTAJE DE AVANCE GENERAL DE FASE | C46: =+AVERAGE(C45:K45) -> 0.013179012
A47: FASE 3 | B47: Partidas | C47: PISO 1 | D47: PISO 2 | E47: PISO 3 | F47: PISO 4 | G47: PISO 5 | H47: PISO 6 | I47: PISO 7 | J47: PISO 8 | K47: PISO 9 | L47: % Avance Real
B48: Instalación piernas de closet | C48: =+_xlfn.XLOOKUP($B48,'FASE 3 '!$C$408:$W$408,'FASE 3 '!$C$410:$W$410) -> 0 | D48: =+_xlfn.XLOOKUP($B48,'FASE 3 '!$C$408:$W$408,'FASE 3 '!$C$411:$W$411) -> 0 | E48: =+_xlfn.XLOOKUP($B48,'FASE 3 '!$C$408:$W$408,'FASE 3 '!$C$412:$W$412) -> 0 | F48: =+_xlfn.XLOOKUP($B48,'FASE 3 '!$C$408:$W$408,'FASE 3 '!$C$413:$W$413) -> 0 | G48: =+_xlfn.XLOOKUP($B48,'FASE 3 '!$C$408:$W$408,'FASE 3 '!$C$414:$W$414) -> 0 | H48: =+_xlfn.XLOOKUP($B48,'FASE 3 '!$C$408:$W$408,'FASE 3 '!$C$415:$W$415) -> 0 | I48: =+_xlfn.XLOOKUP($B48,'FASE 3 '!$C$408:$W$408,'FASE 3 '!$C$416:$W$416) -> 0 | J48: =+_xlfn.XLOOKUP($B48,'FASE 3 '!$C$408:$W$408,'FASE 3 '!$C$417:$W$417) -> 0 | K48: =+_xlfn.XLOOKUP($B48,'FASE 3 '!$C$408:$W$408,'FASE 3 '!$C$418:$W$418) -> 0 | L48: =+AVERAGE(C48:K48) -> 0 | O48: =C48 -> 0 | P48: =D48 -> 0 | Q48: =E48 -> 0 | R48: =F48 -> 0 | S48: =G48 -> 0 | T48: =H48 -> 0 | U48: =I48 -> 0 | V48: =J48 -> 0 | W48: =K48 -> 0
B49: Instalación Cornisas | C49: =+_xlfn.XLOOKUP($B49,'FASE 3 '!$C$408:$W$408,'FASE 3 '!$C$410:$W$410) -> 0.083333333 | D49: =+_xlfn.XLOOKUP($B49,'FASE 3 '!$C$408:$W$408,'FASE 3 '!$C$411:$W$411) -> 0 | E49: =+_xlfn.XLOOKUP($B49,'FASE 3 '!$C$408:$W$408,'FASE 3 '!$C$412:$W$412) -> 0 | F49: =+_xlfn.XLOOKUP($B49,'FASE 3 '!$C$408:$W$408,'FASE 3 '!$C$413:$W$413) -> 0 | G49: =+_xlfn.XLOOKUP($B49,'FASE 3 '!$C$408:$W$408,'FASE 3 '!$C$414:$W$414) -> 0 | H49: =+_xlfn.XLOOKUP($B49,'FASE 3 '!$C$408:$W$408,'FASE 3 '!$C$415:$W$415) -> 0 | I49: =+_xlfn.XLOOKUP($B49,'FASE 3 '!$C$408:$W$408,'FASE 3 '!$C$416:$W$416) -> 0 | J49: =+_xlfn.XLOOKUP($B49,'FASE 3 '!$C$408:$W$408,'FASE 3 '!$C$417:$W$417) -> 0 | K49: =+_xlfn.XLOOKUP($B49,'FASE 3 '!$C$408:$W$408,'FASE 3 '!$C$418:$W$418) -> 0 | L49: =+AVERAGE(C49:K49) -> 0.0092592593 | O49: =C49 -> 0.083333333 | P49: =D49 -> 0 | Q49: =E49 -> 0 | R49: =F49 -> 0 | S49: =G49 -> 0 | T49: =H49 -> 0 | U49: =I49 -> 0 | V49: =J49 -> 0 | W49: =K49 -> 0
B50: Cuadratura de cajas. | C50: =+_xlfn.XLOOKUP($B50,'FASE 3 '!$C$408:$W$408,'FASE 3 '!$C$410:$W$410) -> 0.33333333 | D50: =+_xlfn.XLOOKUP($B50,'FASE 3 '!$C$408:$W$408,'FASE 3 '!$C$411:$W$411) -> 0 | E50: =+_xlfn.XLOOKUP($B50,'FASE 3 '!$C$408:$W$408,'FASE 3 '!$C$412:$W$412) -> 0 | F50: =+_xlfn.XLOOKUP($B50,'FASE 3 '!$C$408:$W$408,'FASE 3 '!$C$413:$W$413) -> 0 | G50: =+_xlfn.XLOOKUP($B50,'FASE 3 '!$C$408:$W$408,'FASE 3 '!$C$414:$W$414) -> 0 | H50: =+_xlfn.XLOOKUP($B50,'FASE 3 '!$C$408:$W$408,'FASE 3 '!$C$415:$W$415) -> 0 | I50: =+_xlfn.XLOOKUP($B50,'FASE 3 '!$C$408:$W$408,'FASE 3 '!$C$416:$W$416) -> 0 | J50: =+_xlfn.XLOOKUP($B50,'FASE 3 '!$C$408:$W$408,'FASE 3 '!$C$417:$W$417) -> 0 | K50: =+_xlfn.XLOOKUP($B50,'FASE 3 '!$C$408:$W$408,'FASE 3 '!$C$418:$W$418) -> 0 | L50: =+AVERAGE(C50:K50) -> 0.037037037 | O50: =C50 -> 0.33333333 | P50: =D50 -> 0 | Q50: =E50 -> 0 | R50: =F50 -> 0 | S50: =G50 -> 0 | T50: =H50 -> 0 | U50: =I50 -> 0 | V50: =J50 -> 0 | W50: =K50 -> 0
B51: Remate yeso y cornisas | C51: =+_xlfn.XLOOKUP($B51,'FASE 3 '!$C$408:$W$408,'FASE 3 '!$C$410:$W$410) -> 0.083333333 | D51: =+_xlfn.XLOOKUP($B51,'FASE 3 '!$C$408:$W$408,'FASE 3 '!$C$411:$W$411) -> 0 | E51: =+_xlfn.XLOOKUP($B51,'FASE 3 '!$C$408:$W$408,'FASE 3 '!$C$412:$W$412) -> 0 | F51: =+_xlfn.XLOOKUP($B51,'FASE 3 '!$C$408:$W$408,'FASE 3 '!$C$413:$W$413) -> 0 | G51: =+_xlfn.XLOOKUP($B51,'FASE 3 '!$C$408:$W$408,'FASE 3 '!$C$414:$W$414) -> 0 | H51: =+_xlfn.XLOOKUP($B51,'FASE 3 '!$C$408:$W$408,'FASE 3 '!$C$415:$W$415) -> 0 | I51: =+_xlfn.XLOOKUP($B51,'FASE 3 '!$C$408:$W$408,'FASE 3 '!$C$416:$W$416) -> 0 | J51: =+_xlfn.XLOOKUP($B51,'FASE 3 '!$C$408:$W$408,'FASE 3 '!$C$417:$W$417) -> 0 | K51: =+_xlfn.XLOOKUP($B51,'FASE 3 '!$C$408:$W$408,'FASE 3 '!$C$418:$W$418) -> 0 | L51: =+AVERAGE(C51:K51) -> 0.0092592593 | O51: =C51 -> 0.083333333 | P51: =D51 -> 0 | Q51: =E51 -> 0 | R51: =F51 -> 0 | S51: =G51 -> 0 | T51: =H51 -> 0 | U51: =I51 -> 0 | V51: =J51 -> 0 | W51: =K51 -> 0
B52: Puertas interiores | C52: =+_xlfn.XLOOKUP($B52,'FASE 3 '!$C$408:$W$408,'FASE 3 '!$C$410:$W$410) -> 0.083333333 | D52: =+_xlfn.XLOOKUP($B52,'FASE 3 '!$C$408:$W$408,'FASE 3 '!$C$411:$W$411) -> 0 | E52: =+_xlfn.XLOOKUP($B52,'FASE 3 '!$C$408:$W$408,'FASE 3 '!$C$412:$W$412) -> 0 | F52: =+_xlfn.XLOOKUP($B52,'FASE 3 '!$C$408:$W$408,'FASE 3 '!$C$413:$W$413) -> 0 | G52: =+_xlfn.XLOOKUP($B52,'FASE 3 '!$C$408:$W$408,'FASE 3 '!$C$414:$W$414) -> 0 | H52: =+_xlfn.XLOOKUP($B52,'FASE 3 '!$C$408:$W$408,'FASE 3 '!$C$415:$W$415) -> 0 | I52: =+_xlfn.XLOOKUP($B52,'FASE 3 '!$C$408:$W$408,'FASE 3 '!$C$416:$W$416) -> 0 | J52: =+_xlfn.XLOOKUP($B52,'FASE 3 '!$C$408:$W$408,'FASE 3 '!$C$417:$W$417) -> 0 | K52: =+_xlfn.XLOOKUP($B52,'FASE 3 '!$C$408:$W$408,'FASE 3 '!$C$418:$W$418) -> 0 | L52: =+AVERAGE(C52:K52) -> 0.0092592593 | O52: =C52 -> 0.083333333 | P52: =D52 -> 0 | Q52: =E52 -> 0 | R52: =F52 -> 0 | S52: =G52 -> 0 | T52: =H52 -> 0 | U52: =I52 -> 0 | V52: =J52 -> 0 | W52: =K52 -> 0
B53: Puertas de acceso y pasillo | C53: =+_xlfn.XLOOKUP($B53,'FASE 3 '!$C$408:$W$408,'FASE 3 '!$C$410:$W$410) -> 0 | D53: =+_xlfn.XLOOKUP($B53,'FASE 3 '!$C$408:$W$408,'FASE 3 '!$C$411:$W$411) -> 0 | E53: =+_xlfn.XLOOKUP($B53,'FASE 3 '!$C$408:$W$408,'FASE 3 '!$C$412:$W$412) -> 0 | F53: =+_xlfn.XLOOKUP($B53,'FASE 3 '!$C$408:$W$408,'FASE 3 '!$C$413:$W$413) -> 0 | G53: =+_xlfn.XLOOKUP($B53,'FASE 3 '!$C$408:$W$408,'FASE 3 '!$C$414:$W$414) -> 0 | H53: =+_xlfn.XLOOKUP($B53,'FASE 3 '!$C$408:$W$408,'FASE 3 '!$C$415:$W$415) -> 0 | I53: =+_xlfn.XLOOKUP($B53,'FASE 3 '!$C$408:$W$408,'FASE 3 '!$C$416:$W$416) -> 0 | J53: =+_xlfn.XLOOKUP($B53,'FASE 3 '!$C$408:$W$408,'FASE 3 '!$C$417:$W$417) -> 0 | K53: =+_xlfn.XLOOKUP($B53,'FASE 3 '!$C$408:$W$408,'FASE 3 '!$C$418:$W$418) -> 0 | L53: =+AVERAGE(C53:K53) -> 0 | O53: =C53 -> 0 | P53: =D53 -> 0 | Q53: =E53 -> 0 | R53: =F53 -> 0 | S53: =G53 -> 0 | T53: =H53 -> 0 | U53: =I53 -> 0 | V53: =J53 -> 0 | W53: =K53 -> 0
B54: Cerradura Puertas | C54: =+_xlfn.XLOOKUP($B54,'FASE 3 '!$C$408:$W$408,'FASE 3 '!$C$410:$W$410) -> 0.083333333 | D54: =+_xlfn.XLOOKUP($B54,'FASE 3 '!$C$408:$W$408,'FASE 3 '!$C$411:$W$411) -> 0 | E54: =+_xlfn.XLOOKUP($B54,'FASE 3 '!$C$408:$W$408,'FASE 3 '!$C$412:$W$412) -> 0 | F54: =+_xlfn.XLOOKUP($B54,'FASE 3 '!$C$408:$W$408,'FASE 3 '!$C$413:$W$413) -> 0 | G54: =+_xlfn.XLOOKUP($B54,'FASE 3 '!$C$408:$W$408,'FASE 3 '!$C$414:$W$414) -> 0 | H54: =+_xlfn.XLOOKUP($B54,'FASE 3 '!$C$408:$W$408,'FASE 3 '!$C$415:$W$415) -> 0 | I54: =+_xlfn.XLOOKUP($B54,'FASE 3 '!$C$408:$W$408,'FASE 3 '!$C$416:$W$416) -> 0 | J54: =+_xlfn.XLOOKUP($B54,'FASE 3 '!$C$408:$W$408,'FASE 3 '!$C$417:$W$417) -> 0 | K54: =+_xlfn.XLOOKUP($B54,'FASE 3 '!$C$408:$W$408,'FASE 3 '!$C$418:$W$418) -> 0 | L54: =+AVERAGE(C54:K54) -> 0.0092592593 | O54: =C54 -> 0.083333333 | P54: =D54 -> 0 | Q54: =E54 -> 0 | R54: =F54 -> 0 | S54: =G54 -> 0 | T54: =H54 -> 0 | U54: =I54 -> 0 | V54: =J54 -> 0 | W54: =K54 -> 0
B55: Cableado Eléctrico y CCDD | C55: =+_xlfn.XLOOKUP($B55,'FASE 3 '!$C$408:$W$408,'FASE 3 '!$C$410:$W$410) -> 0.083333333 | D55: =+_xlfn.XLOOKUP($B55,'FASE 3 '!$C$408:$W$408,'FASE 3 '!$C$411:$W$411) -> 0 | E55: =+_xlfn.XLOOKUP($B55,'FASE 3 '!$C$408:$W$408,'FASE 3 '!$C$412:$W$412) -> 0 | F55: =+_xlfn.XLOOKUP($B55,'FASE 3 '!$C$408:$W$408,'FASE 3 '!$C$413:$W$413) -> 0 | G55: =+_xlfn.XLOOKUP($B55,'FASE 3 '!$C$408:$W$408,'FASE 3 '!$C$414:$W$414) -> 0 | H55: =+_xlfn.XLOOKUP($B55,'FASE 3 '!$C$408:$W$408,'FASE 3 '!$C$415:$W$415) -> 0 | I55: =+_xlfn.XLOOKUP($B55,'FASE 3 '!$C$408:$W$408,'FASE 3 '!$C$416:$W$416) -> 0 | J55: =+_xlfn.XLOOKUP($B55,'FASE 3 '!$C$408:$W$408,'FASE 3 '!$C$417:$W$417) -> 0 | K55: =+_xlfn.XLOOKUP($B55,'FASE 3 '!$C$408:$W$408,'FASE 3 '!$C$418:$W$418) -> 0 | L55: =+AVERAGE(C55:K55) -> 0.0092592593 | O55: =C55 -> 0.083333333 | P55: =D55 -> 0 | Q55: =E55 -> 0 | R55: =F55 -> 0 | S55: =G55 -> 0 | T55: =H55 -> 0 | U55: =I55 -> 0 | V55: =J55 -> 0 | W55: =K55 -> 0
B56: Canterias | C56: =+_xlfn.XLOOKUP($B56,'FASE 3 '!$C$408:$W$408,'FASE 3 '!$C$410:$W$410) -> 0 | D56: =+_xlfn.XLOOKUP($B56,'FASE 3 '!$C$408:$W$408,'FASE 3 '!$C$411:$W$411) -> 0 | E56: =+_xlfn.XLOOKUP($B56,'FASE 3 '!$C$408:$W$408,'FASE 3 '!$C$412:$W$412) -> 0 | F56: =+_xlfn.XLOOKUP($B56,'FASE 3 '!$C$408:$W$408,'FASE 3 '!$C$413:$W$413) -> 0 | G56: =+_xlfn.XLOOKUP($B56,'FASE 3 '!$C$408:$W$408,'FASE 3 '!$C$414:$W$414) -> 0 | H56: =+_xlfn.XLOOKUP($B56,'FASE 3 '!$C$408:$W$408,'FASE 3 '!$C$415:$W$415) -> 0 | I56: =+_xlfn.XLOOKUP($B56,'FASE 3 '!$C$408:$W$408,'FASE 3 '!$C$416:$W$416) -> 0 | J56: =+_xlfn.XLOOKUP($B56,'FASE 3 '!$C$408:$W$408,'FASE 3 '!$C$417:$W$417) -> 0 | K56: =+_xlfn.XLOOKUP($B56,'FASE 3 '!$C$408:$W$408,'FASE 3 '!$C$418:$W$418) -> 0 | L56: =+AVERAGE(C56:K56) -> 0 | O56: =C56 -> 0 | P56: =D56 -> 0 | Q56: =E56 -> 0 | R56: =F56 -> 0 | S56: =G56 -> 0 | T56: =H56 -> 0 | U56: =I56 -> 0 | V56: =J56 -> 0 | W56: =K56 -> 0
B57: Empaste Muro Cielo | C57: =+_xlfn.XLOOKUP($B57,'FASE 3 '!$C$408:$W$408,'FASE 3 '!$C$410:$W$410) -> 0.083333333 | D57: =+_xlfn.XLOOKUP($B57,'FASE 3 '!$C$408:$W$408,'FASE 3 '!$C$411:$W$411) -> 0 | E57: =+_xlfn.XLOOKUP($B57,'FASE 3 '!$C$408:$W$408,'FASE 3 '!$C$412:$W$412) -> 0 | F57: =+_xlfn.XLOOKUP($B57,'FASE 3 '!$C$408:$W$408,'FASE 3 '!$C$413:$W$413) -> 0 | G57: =+_xlfn.XLOOKUP($B57,'FASE 3 '!$C$408:$W$408,'FASE 3 '!$C$414:$W$414) -> 0 | H57: =+_xlfn.XLOOKUP($B57,'FASE 3 '!$C$408:$W$408,'FASE 3 '!$C$415:$W$415) -> 0 | I57: =+_xlfn.XLOOKUP($B57,'FASE 3 '!$C$408:$W$408,'FASE 3 '!$C$416:$W$416) -> 0 | J57: =+_xlfn.XLOOKUP($B57,'FASE 3 '!$C$408:$W$408,'FASE 3 '!$C$417:$W$417) -> 0 | K57: =+_xlfn.XLOOKUP($B57,'FASE 3 '!$C$408:$W$408,'FASE 3 '!$C$418:$W$418) -> 0 | L57: =+AVERAGE(C57:K57) -> 0.0092592593 | O57: =C57 -> 0.083333333 | P57: =D57 -> 0 | Q57: =E57 -> 0 | R57: =F57 -> 0 | S57: =G57 -> 0 | T57: =H57 -> 0 | U57: =I57 -> 0 | V57: =J57 -> 0 | W57: =K57 -> 0
